Date,Price,Yield_MA7
1/18/2017,100.00,
1/19/2017,100.53,
1/20/2017,100.57,
1/21/2017,100.75,
1/22/2017,100.99,
1/23/2017,101.06,
1/24/2017,101.09,
1/25/2017,101.19,0.85
1/26/2017,101.23,0.43
1/27/2017,101.27,0.43
1/28/2017,101.30,0.33
1/29/2017,101.34,0.20
1/30/2017,101.38,0.18
1/31/2017,101.41,0.18
2/1/2017,101.45,0.14
2/2/2017,101.49,0.15
2/3/2017,101.53,0.15
2/4/2017,101.57,0.15
2/5/2017,101.61,0.15
2/6/2017,101.64,0.14
2/7/2017,101.68,0.15
2/8/2017,101.71,0.14
2/9/2017,101.74,0.14
2/10/2017,101.77,0.13
2/11/2017,101.80,0.12
2/12/2017,101.82,0.12
2/13/2017,101.97,0.18
2/14/2017,102.00,0.18
2/15/2017,102.02,0.17
2/16/2017,102.04,0.17
2/17/2017,102.07,0.17
2/18/2017,102.09,0.16
2/19/2017,102.12,0.16
2/20/2017,102.14,0.09
2/21/2017,102.16,0.09
2/22/2017,102.18,0.09
2/23/2017,102.21,0.09
2/24/2017,102.23,0.09
2/25/2017,102.26,0.09
2/26/2017,102.30,0.10
2/27/2017,102.35,0.11
2/28/2017,102.40,0.13
3/1/2017,102.44,0.14
3/2/2017,102.49,0.15
3/3/2017,102.53,0.17
3/4/2017,102.58,0.18
3/5/2017,102.63,0.18
3/6/2017,102.67,0.18
3/7/2017,102.71,0.17
3/8/2017,102.75,0.17
3/9/2017,102.79,0.17
3/10/2017,102.83,0.16
3/11/2017,102.87,0.16
3/12/2017,102.91,0.15
3/13/2017,102.94,0.15
3/14/2017,102.98,0.14
3/15/2017,103.01,0.14
3/16/2017,103.03,0.13
3/17/2017,103.06,0.13
3/18/2017,103.09,0.12
3/19/2017,103.12,0.11
3/20/2017,103.15,0.11
3/21/2017,103.18,0.11
3/22/2017,103.21,0.11
3/23/2017,103.24,0.11
3/24/2017,103.26,0.11
3/25/2017,103.29,0.10
3/26/2017,103.32,0.11
3/27/2017,103.36,0.11
3/28/2017,103.40,0.12
3/29/2017,103.43,0.12
3/30/2017,103.47,0.12
3/31/2017,103.50,0.13
4/1/2017,103.53,0.13
4/2/2017,103.56,0.13
4/3/2017,103.58,0.12
4/4/2017,103.61,0.11
4/5/2017,103.63,0.10
4/6/2017,103.65,0.10
4/7/2017,103.67,0.09
4/8/2017,103.69,0.09
4/9/2017,103.71,0.08
4/10/2017,103.73,0.07
4/11/2017,103.75,0.07
4/12/2017,103.77,0.07
4/13/2017,103.78,0.07
4/14/2017,103.80,0.07
4/15/2017,103.82,0.07
4/16/2017,103.84,0.07
4/17/2017,103.85,0.07
4/18/2017,103.87,0.06
4/19/2017,103.89,0.06
4/20/2017,103.90,0.06
4/21/2017,103.91,0.06
4/22/2017,103.92,0.05
4/23/2017,103.93,0.05
4/24/2017,103.95,0.05
4/25/2017,103.96,0.04
4/26/2017,103.97,0.04
4/27/2017,103.99,0.04
4/28/2017,104.00,0.04
4/29/2017,104.01,0.05
4/30/2017,104.03,0.05
5/1/2017,104.04,0.05
5/2/2017,104.05,0.05
5/3/2017,104.07,0.05
5/4/2017,104.08,0.05
5/5/2017,104.11,0.06
5/6/2017,104.17,0.08
5/7/2017,104.26,0.12
5/8/2017,104.33,0.15
5/9/2017,104.38,0.18
5/10/2017,104.43,0.20
5/11/2017,104.48,0.22
5/12/2017,104.52,0.23
5/13/2017,104.58,0.23
5/14/2017,104.65,0.22
5/15/2017,104.74,0.23
5/16/2017,104.83,0.26
5/17/2017,104.91,0.27
5/18/2017,104.98,0.28
5/19/2017,105.07,0.31
5/20/2017,105.19,0.36
5/21/2017,105.35,0.41
5/22/2017,105.50,0.46
5/23/2017,105.67,0.52
5/24/2017,105.87,0.61
5/25/2017,106.12,0.76
5/26/2017,106.40,0.93
5/27/2017,106.65,1.04
5/28/2017,106.86,1.11
5/29/2017,107.07,1.15
5/30/2017,107.27,1.19
5/31/2017,107.46,1.18
6/1/2017,107.64,1.10
6/2/2017,107.81,0.99
6/3/2017,107.99,0.92
6/4/2017,108.17,0.88
6/5/2017,108.34,0.85
6/6/2017,108.52,0.82
6/7/2017,108.69,0.81
6/8/2017,108.86,0.80
6/9/2017,109.03,0.79
6/10/2017,109.19,0.78
6/11/2017,109.36,0.77
6/12/2017,109.52,0.76
6/13/2017,109.68,0.75
6/14/2017,109.84,0.74
6/15/2017,110.00,0.72
6/16/2017,110.15,0.70
6/17/2017,110.28,0.68
6/18/2017,110.41,0.65
6/19/2017,110.54,0.62
6/20/2017,110.65,0.58
6/21/2017,110.75,0.53
6/22/2017,110.82,0.48
6/23/2017,110.91,0.43
6/24/2017,110.99,0.40
6/25/2017,111.09,0.37
6/26/2017,111.17,0.35
6/27/2017,111.20,0.29
6/28/2017,111.26,0.27
6/29/2017,111.33,0.27
6/30/2017,111.40,0.26
7/1/2017,111.45,0.24
7/2/2017,111.50,0.21
7/3/2017,111.53,0.19
7/4/2017,111.57,0.19
7/5/2017,111.60,0.18
7/6/2017,111.64,0.16
7/7/2017,111.68,0.14
7/8/2017,111.71,0.13
7/9/2017,111.75,0.13
7/10/2017,111.79,0.13
7/11/2017,111.83,0.13
7/12/2017,111.86,0.13
7/13/2017,111.89,0.12
7/14/2017,111.91,0.12
7/15/2017,111.93,0.11
7/16/2017,111.96,0.10
7/17/2017,111.98,0.09
7/18/2017,112.01,0.09
7/19/2017,112.03,0.08
7/20/2017,112.06,0.09
7/21/2017,112.10,0.09
7/22/2017,112.14,0.10
7/23/2017,112.24,0.14
7/24/2017,112.35,0.19
7/25/2017,112.43,0.22
7/26/2017,112.52,0.25
7/27/2017,112.59,0.28
7/28/2017,112.66,0.30
7/29/2017,112.73,0.31
7/30/2017,112.80,0.29
7/31/2017,112.88,0.28
8/1/2017,112.98,0.29
8/2/2017,113.06,0.29
8/3/2017,113.12,0.28
8/4/2017,113.17,0.27
8/5/2017,113.22,0.26
8/6/2017,113.27,0.24
8/7/2017,113.34,0.23
8/8/2017,113.42,0.22
8/9/2017,113.49,0.22
8/10/2017,113.57,0.23
8/11/2017,113.64,0.24
8/12/2017,113.72,0.26
8/13/2017,113.79,0.27
8/14/2017,113.86,0.27
8/15/2017,113.93,0.27
8/16/2017,114.00,0.26
8/17/2017,114.07,0.26
8/18/2017,114.14,0.26
8/19/2017,114.21,0.25
8/20/2017,114.28,0.26
8/21/2017,114.35,0.25
8/22/2017,114.42,0.25
8/23/2017,114.49,0.25
8/24/2017,114.57,0.26
8/25/2017,114.64,0.26
8/26/2017,114.72,0.26
8/27/2017,114.79,0.26
8/28/2017,114.87,0.26
8/29/2017,114.95,0.27
8/30/2017,115.03,0.28
8/31/2017,115.12,0.28
9/1/2017,115.20,0.29
9/2/2017,115.28,0.29
9/3/2017,115.36,0.29
9/4/2017,115.44,0.30
9/5/2017,115.52,0.29
9/6/2017,115.60,0.29
9/7/2017,115.67,0.28
9/8/2017,115.74,0.28
9/9/2017,115.81,0.27
9/10/2017,115.87,0.26
9/11/2017,115.94,0.25
9/12/2017,116.01,0.25
9/13/2017,116.07,0.24
9/14/2017,116.14,0.23
9/15/2017,116.20,0.23
9/16/2017,116.26,0.22
9/17/2017,116.31,0.22
9/18/2017,116.37,0.21
9/19/2017,116.42,0.20
9/20/2017,116.48,0.20
9/21/2017,116.51,0.18
9/22/2017,116.51,0.15
9/23/2017,116.60,0.17
9/24/2017,116.64,0.16
9/25/2017,116.68,0.15
9/26/2017,116.74,0.15
9/27/2017,116.77,0.14
9/28/2017,116.81,0.14
9/29/2017,116.85,0.17
9/30/2017,116.89,0.14
10/1/2017,116.93,0.14
10/2/2017,116.96,0.14
10/3/2017,117.00,0.13
10/4/2017,117.04,0.13
10/5/2017,117.08,0.13
10/6/2017,117.12,0.13
10/7/2017,117.15,0.12
10/8/2017,117.19,0.12
10/9/2017,117.22,0.12
10/10/2017,117.26,0.12
10/11/2017,117.29,0.12
10/12/2017,117.32,0.12
10/13/2017,117.39,0.13
10/14/2017,117.54,0.19
10/15/2017,117.78,0.30
10/16/2017,118.03,0.43
10/17/2017,118.27,0.57
10/18/2017,118.48,0.69
10/19/2017,118.67,0.82
10/20/2017,118.86,0.92
10/21/2017,119.04,0.93
10/22/2017,119.20,0.87
10/23/2017,119.34,0.78
10/24/2017,119.41,0.65
10/25/2017,119.45,0.53
10/26/2017,119.52,0.45
10/27/2017,119.60,0.38
10/28/2017,119.67,0.32
10/29/2017,119.74,0.26
10/30/2017,119.81,0.23
10/31/2017,119.89,0.23
11/1/2017,119.97,0.26
11/2/2017,120.05,0.26
11/3/2017,120.12,0.26
11/4/2017,120.20,0.26
11/5/2017,120.28,0.27
11/6/2017,120.36,0.27
11/7/2017,120.44,0.27
11/8/2017,120.53,0.27
11/9/2017,120.62,0.28
11/10/2017,120.68,0.27
11/11/2017,120.17,-0.01
11/12/2017,120.23,-0.02
11/13/2017,120.32,-0.02
11/14/2017,120.40,-0.02
11/15/2017,120.49,-0.02
11/16/2017,120.57,-0.02
11/17/2017,120.65,-0.01
11/18/2017,120.74,0.28
11/19/2017,120.81,0.29
11/20/2017,120.89,0.28
11/21/2017,120.97,0.28
11/22/2017,121.05,0.28
11/23/2017,121.13,0.27
11/24/2017,121.21,0.27
11/25/2017,121.29,0.27
11/26/2017,121.37,0.27
11/27/2017,121.46,0.27
11/28/2017,121.54,0.28
11/29/2017,121.62,0.28
11/30/2017,121.70,0.28
12/1/2017,121.78,0.28
12/2/2017,121.87,0.28
12/3/2017,121.95,0.28
12/4/2017,122.03,0.28
12/5/2017,122.12,0.28
12/6/2017,122.20,0.28
12/7/2017,122.28,0.28
12/8/2017,122.36,0.28
12/9/2017,122.45,0.28
12/10/2017,122.51,0.27
12/11/2017,122.60,0.27
12/12/2017,122.68,0.27
12/13/2017,122.76,0.27
12/14/2017,122.85,0.28
12/15/2017,122.94,0.28
12/16/2017,123.06,0.30
12/17/2017,123.26,0.38
12/18/2017,123.56,0.51
12/19/2017,123.88,0.67
12/20/2017,124.18,0.82
12/21/2017,124.51,1.01
12/22/2017,124.82,1.20
12/23/2017,125.07,1.33
12/24/2017,125.29,1.34
12/25/2017,125.50,1.25
12/26/2017,125.70,1.13
12/27/2017,125.87,1.02
12/28/2017,126.03,0.88
12/29/2017,126.17,0.75
12/30/2017,126.30,0.67
12/31/2017,126.43,0.60
1/1/2018,126.56,0.56
1/2/2018,126.69,0.51
1/3/2018,126.78,0.46
1/4/2018,126.85,0.40
1/5/2018,126.92,0.37
1/6/2018,127.01,0.34
1/7/2018,127.10,0.31
1/8/2018,127.18,0.29
1/9/2018,127.27,0.27
1/10/2018,127.35,0.26
1/11/2018,127.43,0.27
1/12/2018,127.51,0.27
1/13/2018,127.59,0.27
1/14/2018,127.67,0.26
1/15/2018,127.74,0.26
1/16/2018,127.82,0.25
1/17/2018,127.89,0.25
1/18/2018,127.96,0.24
1/19/2018,128.02,0.23
1/20/2018,128.08,0.22
1/21/2018,128.13,0.21
1/22/2018,128.19,0.20
1/23/2018,128.24,0.18
1/24/2018,128.28,0.17
1/25/2018,128.33,0.16
1/26/2018,128.37,0.15
1/27/2018,128.41,0.14
1/28/2018,128.45,0.14
1/29/2018,128.49,0.13
1/30/2018,128.53,0.13
1/31/2018,128.57,0.12
2/1/2018,128.60,0.12
2/2/2018,128.63,0.12
2/3/2018,128.67,0.11
2/4/2018,128.70,0.11
2/5/2018,128.72,0.10
2/6/2018,128.75,0.09
2/7/2018,128.77,0.09
2/8/2018,128.79,0.08
2/9/2018,128.81,0.07
2/10/2018,128.84,0.07
2/11/2018,128.86,0.07
2/12/2018,128.87,0.06
2/13/2018,128.90,0.07
2/14/2018,128.94,0.07
2/15/2018,128.97,0.08
2/16/2018,129.01,0.08
2/17/2018,129.04,0.09
2/18/2018,129.07,0.09
2/19/2018,129.10,0.10
2/20/2018,129.14,0.10
2/21/2018,129.16,0.10
2/22/2018,129.19,0.09
2/23/2018,129.22,0.09
2/24/2018,129.24,0.08
2/25/2018,129.26,0.08
2/26/2018,129.28,0.07
2/27/2018,129.30,0.07
2/28/2018,129.33,0.07
3/1/2018,129.35,0.07
3/2/2018,129.37,0.06
3/3/2018,129.39,0.06
3/4/2018,129.41,0.06
3/5/2018,129.43,0.06
3/6/2018,129.46,0.06
3/7/2018,129.48,0.06
3/8/2018,129.50,0.06
3/9/2018,129.52,0.06
3/10/2018,129.53,0.06
3/11/2018,129.55,0.06
3/12/2018,129.57,0.06
3/13/2018,129.59,0.05
3/14/2018,129.61,0.05
3/15/2018,129.62,0.05
3/16/2018,129.64,0.05
3/17/2018,129.66,0.05
3/18/2018,129.67,0.05
3/19/2018,129.69,0.05
3/20/2018,129.70,0.05
3/21/2018,129.72,0.05
3/22/2018,129.73,0.05
3/23/2018,129.75,0.04
3/24/2018,129.76,0.04
3/25/2018,129.78,0.04
3/26/2018,129.79,0.04
3/27/2018,129.81,0.04
3/28/2018,129.82,0.04
3/29/2018,129.83,0.04
3/30/2018,129.84,0.04
3/31/2018,129.85,0.04
4/1/2018,129.86,0.03
4/2/2018,129.87,0.03
4/3/2018,129.88,0.03
4/4/2018,129.89,0.03
4/5/2018,129.89,0.03
4/6/2018,129.90,0.03
4/7/2018,129.91,0.03
4/8/2018,129.92,0.03
4/9/2018,129.93,0.02
4/10/2018,129.94,0.02
4/11/2018,129.94,0.02
4/12/2018,129.94,0.02
4/13/2018,129.94,0.02
4/14/2018,129.95,0.01
4/15/2018,129.95,0.01
4/16/2018,129.96,0.01
4/17/2018,129.97,0.01
4/18/2018,129.98,0.02
4/19/2018,129.99,0.02
4/20/2018,130.00,0.02
4/21/2018,130.01,0.03
4/22/2018,130.02,0.03
4/23/2018,130.03,0.03
4/24/2018,130.04,0.03
4/25/2018,130.07,0.04
4/26/2018,130.12,0.05
4/27/2018,130.20,0.09
4/28/2018,130.29,0.12
4/29/2018,130.43,0.18
4/30/2018,130.59,0.25
5/1/2018,130.74,0.33
5/2/2018,130.86,0.37
5/3/2018,130.97,0.40
5/4/2018,131.07,0.41
5/5/2018,131.17,0.41
5/6/2018,131.27,0.40
5/7/2018,131.38,0.37
5/8/2018,131.50,0.35
5/9/2018,131.61,0.35
5/10/2018,131.72,0.35
5/11/2018,131.81,0.34
5/12/2018,131.88,0.33
5/13/2018,131.95,0.31
5/14/2018,132.01,0.28
5/15/2018,132.07,0.25
5/16/2018,132.13,0.23
5/17/2018,132.19,0.20
5/18/2018,132.24,0.19
5/19/2018,132.29,0.17
5/20/2018,132.34,0.17
5/21/2018,132.40,0.16
5/22/2018,132.45,0.16
5/23/2018,132.51,0.16
5/24/2018,132.58,0.17
5/25/2018,132.64,0.17
5/26/2018,132.71,0.18
5/27/2018,132.77,0.18
5/28/2018,132.83,0.18
5/29/2018,132.88,0.18
5/30/2018,132.93,0.18
5/31/2018,132.98,0.17
6/1/2018,133.02,0.16
6/2/2018,133.07,0.15
6/3/2018,133.11,0.14
6/4/2018,133.17,0.14
6/5/2018,133.22,0.14
6/6/2018,133.29,0.15
6/7/2018,133.38,0.17
6/8/2018,133.46,0.19
6/9/2018,133.55,0.21
6/10/2018,133.63,0.22
6/11/2018,133.69,0.23
6/12/2018,133.75,0.23
6/13/2018,133.80,0.22
6/14/2018,133.84,0.20
6/15/2018,133.88,0.18
6/16/2018,133.92,0.16
6/17/2018,133.96,0.14
6/18/2018,133.99,0.12
6/19/2018,134.02,0.11
6/20/2018,134.06,0.11
6/21/2018,134.10,0.11
6/22/2018,134.15,0.11
6/23/2018,134.19,0.11
6/24/2018,134.23,0.11
6/25/2018,134.27,0.11
6/26/2018,134.30,0.12
6/27/2018,134.34,0.12
6/28/2018,134.38,0.11
6/29/2018,134.42,0.11
6/30/2018,134.46,0.11
7/1/2018,134.50,0.11
7/2/2018,134.53,0.11
7/3/2018,134.57,0.11
7/4/2018,134.60,0.11
7/5/2018,134.64,0.10
7/6/2018,134.66,0.10
7/7/2018,134.69,0.09
7/8/2018,134.71,0.08
7/9/2018,134.73,0.08
7/10/2018,134.75,0.07
7/11/2018,134.77,0.07
7/12/2018,134.79,0.06
7/13/2018,134.81,0.06
7/14/2018,134.83,0.06
7/15/2018,134.86,0.06
7/16/2018,134.88,0.06
7/17/2018,134.90,0.06
7/18/2018,134.92,0.06
7/19/2018,134.94,0.06
7/20/2018,134.96,0.06
7/21/2018,134.97,0.06
7/22/2018,134.99,0.05
7/23/2018,135.00,0.05
7/24/2018,135.02,0.05
7/25/2018,135.04,0.05
7/26/2018,135.05,0.04
7/27/2018,135.07,0.04
7/28/2018,135.08,0.04
7/29/2018,135.10,0.04
7/30/2018,135.11,0.04
7/31/2018,135.13,0.04
8/1/2018,135.14,0.04
8/2/2018,135.16,0.04
8/3/2018,135.18,0.05
8/4/2018,135.20,0.05
8/5/2018,135.22,0.05
8/6/2018,135.24,0.05
8/7/2018,135.26,0.05
8/8/2018,135.27,0.05
8/9/2018,135.29,0.05
8/10/2018,135.30,0.05
8/11/2018,135.32,0.05
8/12/2018,135.33,0.04
8/13/2018,135.34,0.04
8/14/2018,135.35,0.04
8/15/2018,135.36,0.03
8/16/2018,135.37,0.03
8/17/2018,135.38,0.03
8/18/2018,135.39,0.03
8/19/2018,135.40,0.03
8/20/2018,135.41,0.03
8/21/2018,135.42,0.03
8/22/2018,135.43,0.03
8/23/2018,135.44,0.03
8/24/2018,135.45,0.03
8/25/2018,135.45,0.03
8/26/2018,135.46,0.03
8/27/2018,135.47,0.02
8/28/2018,135.48,0.02
8/29/2018,135.49,0.02
8/30/2018,135.49,0.02
8/31/2018,135.50,0.02
9/1/2018,135.51,0.02
9/2/2018,135.52,0.02
9/3/2018,135.53,0.02
9/4/2018,135.53,0.02
9/5/2018,135.54,0.02
9/6/2018,135.55,0.02
9/7/2018,135.56,0.02
9/8/2018,135.57,0.02
9/9/2018,135.58,0.02
9/10/2018,135.59,0.02
9/11/2018,135.60,0.03
9/12/2018,135.61,0.03
9/13/2018,135.62,0.03
9/14/2018,135.63,0.03
9/15/2018,135.64,0.03
9/16/2018,135.64,0.03
9/17/2018,135.65,0.03
9/18/2018,135.66,0.03
9/19/2018,135.67,0.02
9/20/2018,135.68,0.02
9/21/2018,135.69,0.02
9/22/2018,135.71,0.03
9/23/2018,135.73,0.03
9/24/2018,135.77,0.04
9/25/2018,135.80,0.05
9/26/2018,135.82,0.06
9/27/2018,135.84,0.07
9/28/2018,135.86,0.07
9/29/2018,135.88,0.07
9/30/2018,135.90,0.07
10/1/2018,135.93,0.06
10/2/2018,135.95,0.06
10/3/2018,135.97,0.06
10/4/2018,135.99,0.06
10/5/2018,136.01,0.06
10/6/2018,136.03,0.06
10/7/2018,136.05,0.06
10/8/2018,136.07,0.06
10/9/2018,136.09,0.06
10/10/2018,136.11,0.06
10/11/2018,136.13,0.06
10/12/2018,136.15,0.06
10/13/2018,136.17,0.06
10/14/2018,136.19,0.06
10/15/2018,136.21,0.06
10/16/2018,136.23,0.06
10/17/2018,136.26,0.06
10/18/2018,136.28,0.06
10/19/2018,136.30,0.06
10/20/2018,136.32,0.06
10/21/2018,136.33,0.06
10/22/2018,136.35,0.06
10/23/2018,136.37,0.05
10/24/2018,136.39,0.05
10/25/2018,136.40,0.05
10/26/2018,136.42,0.05
10/27/2018,136.44,0.05
10/28/2018,136.45,0.05
10/29/2018,136.47,0.04
10/30/2018,136.48,0.04
10/31/2018,136.49,0.04
11/1/2018,136.51,0.04
11/2/2018,136.52,0.04
11/3/2018,136.54,0.04
11/4/2018,136.55,0.04
11/5/2018,136.57,0.04
11/6/2018,136.58,0.04
11/7/2018,136.58,0.03
11/8/2018,136.58,0.03
11/9/2018,136.58,0.02
11/10/2018,136.58,0.02
11/11/2018,136.58,0.01
11/12/2018,136.58,0.01
11/13/2018,136.58,0.00
11/14/2018,136.58,0.00
11/15/2018,136.58,0.00
11/16/2018,136.58,0.00
11/17/2018,136.58,0.00
11/18/2018,136.59,0.00
11/19/2018,136.60,0.01
11/20/2018,136.61,0.01
11/21/2018,136.62,0.01
11/22/2018,136.62,0.02
11/23/2018,136.63,0.02
11/24/2018,136.63,0.02
11/25/2018,136.64,0.02
11/26/2018,136.65,0.02
11/27/2018,136.65,0.02
11/28/2018,136.66,0.02
11/29/2018,136.66,0.01
11/30/2018,136.67,0.01
12/1/2018,136.67,0.01
12/2/2018,136.68,0.01
12/3/2018,136.68,0.01
12/4/2018,136.69,0.01
12/5/2018,136.69,0.01
12/6/2018,136.70,0.01
12/7/2018,136.70,0.01
12/8/2018,136.71,0.01
12/9/2018,136.71,0.01
12/10/2018,136.72,0.01
12/11/2018,136.72,0.01
12/12/2018,136.73,0.01
12/13/2018,136.73,0.01
12/14/2018,136.73,0.01
12/15/2018,136.74,0.01
12/16/2018,136.74,0.01
12/17/2018,136.75,0.01
12/18/2018,136.75,0.01
12/19/2018,136.76,0.01
12/20/2018,136.76,0.01
12/21/2018,136.76,0.01
12/22/2018,136.77,0.01
12/23/2018,136.77,0.01
12/24/2018,136.78,0.01
12/25/2018,136.78,0.01
12/26/2018,136.79,0.01
12/27/2018,136.80,0.01
12/28/2018,136.80,0.01
12/29/2018,136.81,0.01
12/30/2018,136.81,0.01
12/31/2018,136.82,0.01
1/1/2019,136.83,0.02
1/2/2019,136.84,0.02
1/3/2019,136.85,0.02
1/4/2019,136.87,0.03
1/5/2019,136.89,0.03
1/6/2019,136.90,0.04
1/7/2019,136.92,0.04
1/8/2019,136.93,0.04
1/9/2019,136.94,0.04
1/10/2019,136.95,0.04
1/11/2019,136.96,0.03
1/12/2019,136.97,0.03
1/13/2019,136.97,0.03
1/14/2019,136.98,0.03
1/15/2019,136.99,0.02
1/16/2019,136.99,0.02
1/17/2019,137.00,0.02
1/18/2019,137.01,0.02
1/19/2019,137.03,0.02
1/20/2019,137.06,0.03
1/21/2019,137.17,0.07
1/22/2019,137.28,0.12
1/23/2019,137.35,0.15
1/24/2019,137.38,0.16
1/25/2019,137.41,0.16
1/26/2019,137.44,0.17
1/27/2019,137.48,0.17
1/28/2019,137.51,0.14
1/29/2019,137.53,0.10
1/30/2019,137.57,0.08
1/31/2019,137.59,0.08
2/1/2019,137.59,0.07
2/2/2019,137.59,0.06
2/3/2019,137.59,0.04
2/4/2019,137.59,0.03
2/5/2019,137.59,0.02
2/6/2019,137.59,0.01
2/7/2019,137.59,0.00
2/8/2019,137.62,0.01
2/9/2019,137.65,0.02
2/10/2019,137.69,0.04
2/11/2019,137.73,0.06
2/12/2019,137.77,0.07
2/13/2019,137.80,0.08
2/14/2019,137.83,0.09
2/15/2019,137.85,0.09
2/16/2019,137.87,0.09
2/17/2019,137.90,0.08
2/18/2019,137.93,0.08
2/19/2019,137.96,0.08
2/20/2019,137.99,0.07
2/21/2019,138.02,0.07
2/22/2019,138.04,0.08
2/23/2019,138.07,0.08
2/24/2019,138.09,0.08
2/25/2019,138.11,0.07
2/26/2019,138.13,0.07
2/27/2019,138.15,0.06
2/28/2019,138.17,0.06
3/1/2019,138.19,0.06
3/2/2019,138.20,0.05
3/3/2019,138.22,0.05
3/4/2019,138.24,0.05
3/5/2019,138.26,0.05
3/6/2019,138.27,0.05
3/7/2019,138.29,0.05
3/8/2019,138.30,0.04
3/9/2019,138.32,0.04
3/10/2019,138.34,0.04
3/11/2019,138.35,0.04
3/12/2019,138.37,0.04
3/13/2019,138.38,0.04
3/14/2019,138.40,0.04
3/15/2019,138.41,0.04
3/16/2019,138.42,0.04
3/17/2019,138.44,0.04
3/18/2019,138.45,0.04
3/19/2019,138.46,0.04
3/20/2019,138.48,0.04
3/21/2019,138.50,0.04
3/22/2019,138.54,0.05
3/23/2019,138.58,0.06
3/24/2019,138.61,0.07
3/25/2019,138.64,0.07
3/26/2019,138.66,0.08
3/27/2019,138.69,0.08
3/28/2019,138.73,0.09
3/29/2019,138.76,0.09
3/30/2019,138.80,0.09
3/31/2019,138.83,0.09
4/1/2019,138.85,0.08
4/2/2019,138.87,0.08
4/3/2019,138.89,0.08
4/4/2019,138.92,0.08
4/5/2019,138.95,0.07
4/6/2019,138.98,0.07
4/7/2019,139.01,0.07
4/8/2019,139.06,0.08
4/9/2019,139.10,0.09
4/10/2019,139.15,0.10
4/11/2019,139.19,0.11
4/12/2019,139.23,0.11
4/13/2019,139.25,0.11
4/14/2019,139.27,0.10
4/15/2019,139.29,0.09
4/16/2019,139.30,0.08
4/17/2019,139.33,0.07
4/18/2019,139.35,0.06
4/19/2019,139.38,0.06
4/20/2019,139.40,0.06
4/21/2019,139.43,0.06
4/22/2019,139.46,0.07
4/23/2019,139.48,0.07
4/24/2019,139.51,0.07
4/25/2019,139.53,0.07
4/26/2019,139.56,0.07
4/27/2019,139.58,0.07
4/28/2019,139.61,0.07
4/29/2019,139.63,0.07
4/30/2019,139.66,0.07
5/1/2019,139.68,0.07
5/2/2019,139.71,0.07
5/3/2019,139.75,0.07
5/4/2019,139.79,0.08
5/5/2019,139.84,0.09
5/6/2019,139.89,0.10
5/7/2019,139.95,0.12
5/8/2019,140.00,0.13
5/9/2019,140.05,0.14
5/10/2019,140.14,0.16
5/11/2019,140.24,0.18
5/12/2019,140.31,0.20
5/13/2019,140.38,0.20
5/14/2019,140.45,0.20
5/15/2019,140.53,0.22
5/16/2019,140.61,0.23
5/17/2019,140.69,0.23
5/18/2019,140.77,0.22
5/19/2019,140.86,0.22
5/20/2019,140.96,0.24
5/21/2019,141.06,0.25
5/22/2019,141.16,0.26
5/23/2019,141.24,0.26
5/24/2019,141.33,0.26
5/25/2019,141.41,0.27
5/26/2019,141.50,0.27
5/27/2019,141.58,0.26
5/28/2019,141.67,0.25
5/29/2019,141.75,0.24
5/30/2019,141.83,0.24
5/31/2019,141.91,0.24
6/1/2019,141.99,0.24
6/2/2019,142.08,0.24
6/3/2019,142.16,0.24
6/4/2019,142.24,0.23
6/5/2019,142.31,0.23
6/6/2019,142.37,0.22
6/7/2019,142.42,0.20
6/8/2019,142.47,0.19
6/9/2019,142.52,0.18
6/10/2019,142.58,0.16
6/11/2019,142.63,0.15
6/12/2019,142.69,0.15
6/13/2019,142.75,0.15
6/14/2019,142.81,0.15
6/15/2019,142.87,0.16
6/16/2019,142.94,0.16
6/17/2019,143.00,0.17
6/18/2019,143.07,0.17
6/19/2019,143.13,0.17
6/20/2019,143.19,0.17
6/21/2019,143.25,0.17
6/22/2019,143.31,0.17
6/23/2019,143.37,0.17
6/24/2019,143.47,0.18
6/25/2019,143.57,0.20
6/26/2019,143.65,0.21
6/27/2019,143.74,0.22
6/28/2019,143.83,0.23
6/29/2019,143.92,0.25
6/30/2019,144.01,0.26
7/1/2019,144.09,0.26
7/2/2019,144.17,0.25
7/3/2019,144.26,0.24
7/4/2019,144.34,0.24
7/5/2019,144.42,0.24
7/6/2019,144.51,0.23
7/7/2019,144.59,0.23
7/8/2019,144.67,0.23
7/9/2019,144.75,0.23
7/10/2019,144.84,0.23
7/11/2019,144.92,0.23
7/12/2019,144.99,0.23
7/13/2019,145.07,0.23
7/14/2019,145.15,0.23
7/15/2019,145.23,0.22
7/16/2019,145.31,0.22
7/17/2019,145.38,0.22
7/18/2019,145.46,0.21
7/19/2019,145.52,0.21
7/20/2019,145.57,0.20
7/21/2019,145.58,0.17
7/22/2019,145.59,0.14
7/23/2019,145.66,0.13
7/24/2019,145.72,0.13
7/25/2019,145.76,0.12
7/26/2019,145.81,0.11
7/27/2019,145.84,0.10
7/28/2019,145.88,0.11
7/29/2019,145.92,0.13
7/30/2019,145.96,0.12
7/31/2019,146.00,0.10
8/1/2019,146.04,0.10
8/2/2019,146.08,0.10
8/3/2019,146.12,0.10
8/4/2019,146.16,0.10
8/5/2019,146.21,0.11
8/6/2019,146.26,0.11
8/7/2019,146.31,0.12
8/8/2019,146.36,0.12
8/9/2019,146.41,0.12
8/10/2019,146.46,0.13
8/11/2019,146.51,0.13
8/12/2019,146.56,0.13
8/13/2019,146.61,0.13
8/14/2019,146.66,0.13
8/15/2019,146.71,0.13
8/16/2019,146.75,0.13
8/17/2019,146.80,0.13
8/18/2019,146.85,0.13
8/19/2019,146.89,0.13
8/20/2019,146.93,0.12
8/21/2019,146.98,0.12
8/22/2019,147.02,0.12
8/23/2019,147.07,0.12
8/24/2019,147.11,0.12
8/25/2019,147.15,0.11
8/26/2019,147.20,0.11
8/27/2019,147.24,0.11
8/28/2019,147.28,0.11
8/29/2019,147.32,0.11
8/30/2019,147.36,0.11
8/31/2019,147.41,0.11
9/1/2019,147.45,0.11
9/2/2019,147.49,0.11
9/3/2019,147.53,0.11
9/4/2019,147.57,0.11
9/5/2019,147.61,0.11
9/6/2019,147.65,0.11
9/7/2019,147.69,0.11
9/8/2019,147.73,0.10
9/9/2019,147.77,0.10
9/10/2019,147.81,0.10
9/11/2019,147.85,0.10
9/12/2019,147.89,0.10
9/13/2019,147.93,0.10
9/14/2019,147.97,0.10
9/15/2019,148.01,0.10
9/16/2019,148.05,0.10
9/17/2019,148.08,0.10
9/18/2019,148.12,0.10
9/19/2019,148.16,0.10
9/20/2019,148.20,0.10
9/21/2019,148.24,0.10
9/22/2019,148.28,0.10
9/23/2019,148.31,0.10
9/24/2019,148.34,0.09
9/25/2019,148.37,0.09
9/26/2019,148.41,0.09
9/27/2019,148.44,0.09
9/28/2019,148.47,0.09
9/29/2019,148.51,0.09
9/30/2019,148.54,0.09
10/1/2019,148.57,0.09
10/2/2019,148.61,0.09
10/3/2019,148.64,0.08
10/4/2019,148.67,0.08
10/5/2019,148.70,0.08
10/6/2019,148.73,0.08
10/7/2019,148.76,0.08
10/8/2019,148.79,0.08
10/9/2019,148.82,0.08
10/10/2019,148.84,0.07
10/11/2019,148.88,0.08
10/12/2019,148.92,0.08
10/13/2019,148.96,0.09
10/14/2019,149.01,0.09
10/15/2019,149.05,0.09
10/16/2019,149.08,0.10
10/17/2019,149.11,0.10
10/18/2019,149.14,0.10
10/19/2019,149.17,0.09
10/20/2019,149.20,0.08
10/21/2019,149.23,0.08
10/22/2019,149.26,0.08
10/23/2019,149.29,0.08
10/24/2019,149.32,0.07
10/25/2019,149.34,0.07
10/26/2019,149.37,0.07
10/27/2019,149.40,0.07
10/28/2019,149.43,0.07
10/29/2019,149.47,0.08
10/30/2019,149.51,0.08
10/31/2019,149.55,0.08
11/1/2019,149.58,0.08
11/2/2019,149.61,0.09
11/3/2019,149.65,0.09
11/4/2019,149.69,0.09
11/5/2019,149.73,0.09
11/6/2019,149.78,0.10
11/7/2019,149.84,0.11
11/8/2019,149.90,0.12
11/9/2019,149.95,0.13
11/10/2019,150.00,0.13
11/11/2019,150.06,0.14
11/12/2019,150.10,0.14
11/13/2019,150.14,0.13
11/14/2019,150.19,0.13
11/15/2019,150.23,0.12
11/16/2019,150.29,0.12
11/17/2019,150.34,0.12
11/18/2019,150.39,0.12
11/19/2019,150.43,0.12
11/20/2019,150.46,0.12
11/21/2019,150.49,0.11
11/22/2019,150.52,0.10
11/23/2019,150.54,0.09
11/24/2019,150.57,0.08
11/25/2019,150.58,0.07
11/26/2019,150.61,0.07
11/27/2019,150.65,0.07
11/28/2019,150.69,0.07
11/29/2019,150.74,0.08
11/30/2019,150.77,0.08
12/1/2019,150.80,0.08
12/2/2019,150.82,0.09
12/3/2019,150.85,0.09
12/4/2019,150.86,0.08
12/5/2019,150.89,0.07
12/6/2019,150.92,0.06
12/7/2019,150.94,0.06
12/8/2019,150.96,0.06
12/9/2019,150.96,0.05
12/10/2019,151.01,0.06
12/11/2019,151.05,0.07
12/12/2019,151.12,0.08
12/13/2019,151.19,0.10
12/14/2019,151.24,0.11
12/15/2019,151.30,0.13
12/16/2019,151.35,0.15
12/17/2019,151.41,0.15
12/18/2019,151.45,0.14
12/19/2019,151.49,0.14
12/20/2019,151.52,0.12
12/21/2019,151.55,0.11
12/22/2019,151.59,0.10
12/23/2019,151.62,0.10
12/24/2019,151.65,0.09
12/25/2019,151.68,0.08
12/26/2019,151.71,0.08
12/27/2019,151.75,0.08
12/28/2019,151.78,0.08
12/29/2019,151.81,0.08
12/30/2019,151.84,0.08
12/31/2019,151.87,0.08
1/1/2020,151.91,0.08
1/2/2020,151.94,0.08
1/3/2020,151.98,0.08
1/4/2020,152.01,0.08
1/5/2020,152.04,0.09
1/6/2020,152.08,0.09
1/7/2020,152.12,0.09
1/8/2020,152.17,0.09
1/9/2020,152.23,0.10
1/10/2020,152.28,0.11
1/11/2020,152.34,0.12
1/12/2020,152.41,0.13
1/13/2020,152.47,0.14
1/14/2020,152.53,0.15
1/15/2020,152.62,0.17
1/16/2020,152.72,0.18
1/17/2020,152.81,0.20
1/18/2020,152.89,0.21
1/19/2020,152.97,0.21
1/20/2020,153.03,0.21
1/21/2020,153.08,0.21
1/22/2020,153.13,0.19
1/23/2020,153.17,0.17
1/24/2020,153.21,0.15
1/25/2020,153.25,0.13
1/26/2020,153.29,0.12
1/27/2020,153.33,0.11
1/28/2020,153.37,0.10
1/29/2020,153.42,0.10
1/30/2020,153.47,0.11
1/31/2020,153.53,0.11
2/1/2020,153.58,0.12
2/2/2020,153.64,0.12
2/3/2020,153.69,0.13
2/4/2020,153.75,0.14
2/5/2020,153.80,0.14
2/6/2020,153.86,0.14
2/7/2020,153.94,0.15
2/8/2020,154.02,0.16
2/9/2020,154.12,0.18
2/10/2020,154.23,0.20
2/11/2020,154.33,0.22
2/12/2020,154.44,0.24
2/13/2020,154.53,0.25
2/14/2020,154.63,0.26
2/15/2020,154.73,0.27
2/16/2020,154.82,0.27
2/17/2020,154.90,0.25
2/18/2020,154.97,0.24
2/19/2020,155.05,0.23
2/20/2020,155.11,0.21
2/21/2020,155.17,0.20
2/22/2020,155.22,0.18
2/23/2020,155.27,0.17
2/24/2020,155.33,0.16
2/25/2020,155.39,0.15
2/26/2020,155.43,0.14
2/27/2020,155.48,0.13
2/28/2020,155.52,0.13
2/29/2020,155.56,0.12
3/1/2020,155.59,0.11
3/2/2020,155.62,0.10
3/3/2020,155.65,0.09
3/4/2020,155.68,0.09
3/5/2020,155.71,0.08
3/6/2020,155.73,0.07
3/7/2020,155.76,0.07
3/8/2020,155.80,0.07
3/9/2020,155.83,0.07
3/10/2020,155.86,0.07
3/11/2020,155.89,0.07
3/12/2020,155.92,0.07
3/13/2020,155.94,0.07
3/14/2020,155.96,0.07
3/15/2020,155.99,0.07
3/16/2020,156.01,0.06
3/17/2020,156.04,0.06
3/18/2020,156.07,0.06
3/19/2020,156.10,0.06
3/20/2020,156.13,0.07
3/21/2020,156.16,0.07
3/22/2020,156.19,0.07
3/23/2020,156.22,0.07
3/24/2020,156.25,0.07
3/25/2020,156.28,0.07
3/26/2020,156.30,0.07
3/27/2020,156.33,0.07
3/28/2020,156.36,0.07
3/29/2020,156.38,0.07
3/30/2020,156.41,0.07
3/31/2020,156.43,0.06
4/1/2020,156.45,0.06
4/2/2020,156.47,0.06
4/3/2020,156.49,0.06
4/4/2020,156.51,0.05
4/5/2020,156.53,0.05
4/6/2020,156.55,0.05
4/7/2020,156.57,0.05
4/8/2020,156.59,0.05
4/9/2020,156.61,0.05
4/10/2020,156.63,0.05
4/11/2020,156.66,0.05
4/12/2020,156.68,0.05
4/13/2020,156.71,0.05
4/14/2020,156.73,0.06
4/15/2020,156.76,0.06
4/16/2020,156.79,0.06
4/17/2020,156.81,0.06
4/18/2020,156.84,0.06
4/19/2020,156.87,0.06
4/20/2020,156.90,0.07
4/21/2020,156.93,0.07
4/22/2020,156.95,0.07
4/23/2020,156.98,0.07
4/24/2020,157.02,0.07
4/25/2020,157.06,0.08
4/26/2020,157.11,0.09
4/27/2020,157.16,0.09
4/28/2020,157.20,0.09
4/29/2020,157.25,0.10
4/30/2020,157.33,0.12
5/1/2020,157.40,0.14
5/2/2020,157.46,0.14
5/3/2020,157.51,0.14
5/4/2020,157.58,0.15
5/5/2020,157.63,0.15
5/6/2020,157.67,0.15
5/7/2020,157.70,0.13
5/8/2020,157.73,0.11
5/9/2020,157.78,0.11
5/10/2020,157.82,0.11
5/11/2020,157.86,0.10
5/12/2020,157.91,0.10
5/13/2020,157.94,0.09
5/14/2020,157.98,0.10
5/15/2020,158.05,0.11
5/16/2020,158.13,0.12
5/17/2020,158.23,0.14
5/18/2020,158.33,0.17
5/19/2020,158.44,0.19
5/20/2020,158.53,0.21
5/21/2020,158.58,0.22
5/22/2020,158.63,0.21
5/23/2020,158.67,0.19
5/24/2020,158.71,0.17
5/25/2020,158.76,0.15
5/26/2020,158.81,0.13
5/27/2020,158.86,0.12
5/28/2020,158.91,0.11
5/29/2020,158.96,0.12
5/30/2020,159.02,0.12
5/31/2020,159.08,0.13
6/1/2020,159.17,0.14
6/2/2020,159.26,0.16
6/3/2020,159.32,0.16
6/4/2020,159.37,0.16
6/5/2020,159.42,0.16
6/6/2020,159.46,0.16
6/7/2020,159.50,0.15
6/8/2020,159.54,0.13
6/9/2020,159.58,0.11
6/10/2020,159.61,0.10
6/11/2020,159.65,0.10
6/12/2020,159.69,0.09
6/13/2020,159.73,0.09
6/14/2020,159.77,0.09
6/15/2020,159.80,0.09
6/16/2020,159.84,0.09
6/17/2020,159.87,0.09
6/18/2020,159.91,0.09
6/19/2020,159.95,0.09
6/20/2020,159.99,0.09
6/21/2020,160.04,0.09
6/22/2020,160.08,0.10
6/23/2020,160.13,0.10
6/24/2020,160.18,0.10
6/25/2020,160.22,0.11
6/26/2020,160.27,0.11
6/27/2020,160.30,0.11
6/28/2020,160.34,0.10
6/29/2020,160.37,0.10
6/30/2020,160.40,0.09
7/1/2020,160.44,0.09
7/2/2020,160.47,0.08
7/3/2020,160.50,0.08
7/4/2020,160.53,0.07
7/5/2020,160.55,0.07
7/6/2020,160.58,0.07
7/7/2020,160.61,0.07
7/8/2020,160.64,0.07
7/9/2020,160.66,0.07
7/10/2020,160.69,0.06
7/11/2020,160.72,0.06
7/12/2020,160.75,0.06
7/13/2020,160.77,0.06
7/14/2020,160.80,0.06
7/15/2020,160.83,0.06
7/16/2020,160.85,0.06
7/17/2020,160.88,0.06
7/18/2020,160.90,0.06
7/19/2020,160.93,0.06
7/20/2020,160.96,0.06
7/21/2020,160.98,0.06
7/22/2020,161.01,0.06
7/23/2020,161.03,0.06
7/24/2020,161.06,0.06
7/25/2020,161.09,0.06
7/26/2020,161.11,0.06
7/27/2020,161.15,0.06
7/28/2020,161.20,0.07
7/29/2020,161.27,0.09
7/30/2020,161.34,0.10
7/31/2020,161.42,0.12
8/1/2020,161.51,0.15
8/2/2020,161.60,0.17
8/3/2020,161.70,0.19
8/4/2020,161.78,0.20
8/5/2020,161.85,0.21
8/6/2020,161.92,0.20
8/7/2020,161.99,0.20
8/8/2020,162.06,0.19
8/9/2020,162.13,0.18
8/10/2020,162.19,0.17
8/11/2020,162.26,0.17
8/12/2020,162.33,0.16
8/13/2020,162.38,0.16
8/14/2020,162.41,0.14
8/15/2020,162.47,0.14
8/16/2020,162.55,0.14
8/17/2020,162.62,0.15
8/18/2020,162.69,0.15
8/19/2020,162.76,0.15
8/20/2020,162.83,0.16
8/21/2020,162.90,0.17
8/22/2020,162.96,0.17
8/23/2020,163.02,0.16
8/24/2020,163.08,0.16
8/25/2020,163.14,0.15
8/26/2020,163.20,0.15
8/27/2020,163.25,0.15
8/28/2020,163.31,0.14
8/29/2020,163.38,0.14
8/30/2020,163.44,0.14
8/31/2020,163.50,0.14
9/1/2020,163.56,0.14
9/2/2020,163.63,0.15
9/3/2020,163.69,0.15
9/4/2020,163.75,0.15
9/5/2020,163.81,0.15
9/6/2020,163.86,0.14
9/7/2020,163.91,0.14
9/8/2020,163.97,0.14
9/9/2020,164.01,0.13
9/10/2020,164.06,0.13
9/11/2020,164.11,0.12
9/12/2020,164.16,0.12
9/13/2020,164.20,0.11
9/14/2020,164.24,0.11
9/15/2020,164.28,0.10
9/16/2020,164.32,0.10
9/17/2020,164.37,0.10
9/18/2020,164.42,0.10
9/19/2020,164.46,0.10
9/20/2020,164.50,0.10
9/21/2020,164.55,0.10
9/22/2020,164.60,0.10
9/23/2020,164.64,0.10
9/24/2020,164.68,0.10
9/25/2020,164.73,0.10
9/26/2020,164.77,0.10
9/27/2020,164.81,0.10
9/28/2020,164.86,0.10
9/29/2020,164.90,0.10
9/30/2020,164.94,0.10
10/1/2020,164.99,0.10
10/2/2020,165.03,0.10
10/3/2020,165.07,0.10
10/4/2020,165.11,0.10
10/5/2020,165.15,0.10
10/6/2020,165.19,0.09
10/7/2020,165.23,0.09
10/8/2020,165.27,0.09
10/9/2020,165.30,0.09
10/10/2020,165.34,0.09
10/11/2020,165.38,0.09
10/12/2020,165.42,0.09
10/13/2020,165.46,0.09
10/14/2020,165.49,0.09
10/15/2020,165.53,0.09
10/16/2020,165.57,0.09
10/17/2020,165.60,0.09
10/18/2020,165.63,0.08
10/19/2020,165.66,0.08
10/20/2020,165.70,0.08
10/21/2020,165.73,0.08
10/22/2020,165.76,0.07
10/23/2020,165.79,0.07
10/24/2020,165.82,0.07
10/25/2020,165.85,0.07
10/26/2020,165.88,0.07
10/27/2020,165.91,0.07
10/28/2020,165.94,0.07
10/29/2020,165.97,0.07
10/30/2020,165.99,0.07
10/31/2020,166.02,0.07
11/1/2020,166.05,0.07
11/2/2020,166.08,0.06
11/3/2020,166.10,0.06
11/4/2020,166.13,0.06
11/5/2020,166.16,0.06
11/6/2020,166.24,0.08
11/7/2020,166.36,0.11
11/8/2020,166.44,0.13
11/9/2020,166.51,0.14
11/10/2020,166.56,0.16
11/11/2020,166.62,0.17
11/12/2020,166.68,0.18
11/13/2020,166.76,0.18
11/14/2020,166.84,0.17
11/15/2020,166.92,0.16
11/16/2020,166.99,0.17
11/17/2020,167.03,0.16
11/18/2020,167.09,0.16
11/19/2020,167.15,0.16
11/20/2020,167.22,0.15
11/21/2020,167.29,0.15
11/22/2020,167.37,0.15
11/23/2020,167.45,0.15
11/24/2020,167.53,0.17
11/25/2020,167.60,0.17
11/26/2020,167.68,0.18
11/27/2020,167.75,0.18
11/28/2020,167.82,0.18
11/29/2020,167.89,0.18
11/30/2020,167.97,0.17
12/1/2020,168.04,0.17
12/2/2020,168.12,0.17
12/3/2020,168.19,0.17
12/4/2020,168.26,0.17
12/5/2020,168.32,0.17
12/6/2020,168.37,0.16
12/7/2020,168.43,0.16
12/8/2020,168.50,0.15
12/9/2020,168.56,0.15
12/10/2020,168.62,0.14
12/11/2020,168.67,0.13
12/12/2020,168.71,0.13
12/13/2020,168.76,0.13
12/14/2020,168.82,0.13
12/15/2020,168.88,0.13
12/16/2020,168.94,0.12
12/17/2020,169.01,0.13
12/18/2020,169.06,0.13
12/19/2020,169.11,0.13
12/20/2020,169.15,0.12
12/21/2020,169.19,0.12
12/22/2020,169.24,0.12
12/23/2020,169.29,0.11
12/24/2020,169.33,0.11
12/25/2020,169.37,0.10
12/26/2020,169.41,0.10
12/27/2020,169.44,0.10
12/28/2020,169.48,0.09
12/29/2020,169.52,0.09
12/30/2020,169.56,0.09
12/31/2020,169.60,0.09
1/1/2021,169.63,0.08
1/2/2021,169.66,0.08
1/3/2021,169.69,0.08
1/4/2021,169.74,0.08
1/5/2021,169.79,0.09
1/6/2021,169.88,0.10
1/7/2021,169.98,0.12
1/8/2021,170.06,0.14
1/9/2021,170.14,0.16
1/10/2021,170.21,0.17
1/11/2021,170.26,0.17
1/12/2021,170.28,0.16
1/13/2021,170.28,0.13
1/14/2021,170.29,0.10
1/15/2021,170.34,0.09
1/16/2021,170.38,0.08
1/17/2021,170.42,0.06
1/18/2021,170.45,0.06
1/19/2021,170.50,0.07
1/20/2021,170.54,0.08
1/21/2021,170.57,0.09
1/22/2021,170.60,0.08
1/23/2021,170.63,0.08
1/24/2021,170.66,0.08
1/25/2021,170.69,0.07
1/26/2021,170.72,0.07
1/27/2021,170.76,0.07
1/28/2021,170.80,0.07
1/29/2021,170.84,0.07
1/30/2021,170.87,0.08
1/31/2021,170.90,0.08
2/1/2021,170.93,0.08
2/2/2021,170.97,0.08
2/3/2021,171.01,0.08
2/4/2021,171.05,0.08
2/5/2021,171.09,0.08
2/6/2021,171.14,0.08
2/7/2021,171.17,0.08
2/8/2021,171.19,0.08
2/9/2021,171.21,0.08
2/10/2021,171.24,0.07
2/11/2021,171.27,0.07
2/12/2021,171.29,0.06
2/13/2021,171.33,0.06
2/14/2021,171.38,0.07
2/15/2021,171.45,0.08
2/16/2021,171.50,0.09
2/17/2021,171.57,0.11
2/18/2021,171.72,0.15
2/19/2021,171.84,0.18
2/20/2021,171.93,0.20
2/21/2021,172.00,0.21
2/22/2021,172.06,0.20
2/23/2021,172.11,0.20
2/24/2021,172.16,0.20
2/25/2021,172.22,0.16
2/26/2021,172.26,0.14
2/27/2021,172.28,0.11
2/28/2021,172.29,0.09
3/1/2021,172.30,0.08
3/2/2021,172.32,0.07
3/3/2021,172.34,0.06
3/4/2021,172.36,0.04
3/5/2021,172.37,0.03
3/6/2021,172.39,0.03
3/7/2021,172.41,0.04
3/8/2021,172.43,0.04
3/9/2021,172.46,0.04
3/10/2021,172.48,0.04
3/11/2021,172.51,0.05
3/12/2021,172.54,0.05
3/13/2021,172.57,0.06
3/14/2021,172.62,0.07
3/15/2021,172.73,0.09
3/16/2021,172.82,0.12
3/17/2021,172.90,0.14
3/18/2021,173.00,0.16
3/19/2021,173.09,0.18
3/20/2021,173.17,0.20
3/21/2021,173.24,0.21
3/22/2021,173.30,0.19
3/23/2021,173.35,0.17
3/24/2021,173.39,0.16
3/25/2021,173.41,0.13
3/26/2021,173.43,0.11
3/27/2021,173.45,0.09
3/28/2021,173.46,0.07
3/29/2021,173.48,0.06
3/30/2021,173.51,0.05
3/31/2021,173.55,0.05
4/1/2021,173.59,0.05
4/2/2021,173.62,0.06
4/3/2021,173.67,0.07
4/4/2021,173.73,0.08
4/5/2021,173.77,0.09
4/6/2021,173.81,0.09
4/7/2021,173.83,0.09
4/8/2021,173.83,0.07
4/9/2021,173.83,0.06
4/10/2021,173.83,0.05
4/11/2021,173.83,0.03
4/12/2021,173.83,0.02
4/13/2021,173.83,0.01
4/14/2021,173.83,0.00
4/15/2021,173.83,0.00
4/16/2021,173.83,0.00
4/17/2021,173.83,0.00
4/18/2021,173.83,0.00
4/19/2021,173.83,0.00
4/20/2021,173.83,0.00
4/21/2021,173.83,0.00
4/22/2021,173.83,0.00
4/23/2021,173.83,0.00
4/24/2021,173.83,0.00
4/25/2021,173.83,0.00
4/26/2021,173.83,0.00
4/27/2021,173.83,0.00
4/28/2021,173.83,0.00
4/29/2021,173.83,0.00
4/30/2021,173.83,0.00
5/1/2021,173.83,0.00
5/2/2021,173.83,0.00
5/3/2021,173.83,0.00
5/4/2021,173.83,0.00
5/5/2021,173.83,0.00
5/6/2021,173.83,0.00
5/7/2021,173.83,0.00
5/8/2021,173.83,0.00
5/9/2021,173.83,0.00
5/10/2021,173.83,0.00
5/11/2021,173.83,0.00
5/12/2021,173.83,0.00
5/13/2021,173.83,0.00
5/14/2021,173.83,0.00
5/15/2021,173.83,0.00
5/16/2021,173.83,0.00
5/17/2021,173.83,0.00
5/18/2021,173.85,0.01
5/19/2021,173.87,0.01
5/20/2021,173.90,0.02
5/21/2021,173.92,0.03
5/22/2021,173.93,0.03
5/23/2021,173.93,0.03
5/24/2021,173.93,0.03
5/25/2021,173.93,0.03
5/26/2021,173.93,0.02
5/27/2021,173.93,0.01
5/28/2021,173.93,0.00
5/29/2021,173.93,0.00
5/30/2021,173.94,0.00
5/31/2021,173.94,0.00
6/1/2021,173.95,0.01
6/2/2021,173.95,0.01
6/3/2021,173.96,0.01
6/4/2021,173.96,0.01
6/5/2021,173.97,0.01
6/6/2021,173.97,0.01
6/7/2021,173.98,0.01
6/8/2021,173.99,0.01
6/9/2021,173.99,0.01
6/10/2021,174.00,0.01
6/11/2021,174.00,0.01
6/12/2021,174.01,0.01
6/13/2021,174.01,0.01
6/14/2021,174.02,0.01
6/15/2021,174.03,0.01
6/16/2021,174.03,0.01
6/17/2021,174.04,0.01
6/18/2021,174.04,0.01
6/19/2021,174.05,0.01
6/20/2021,174.05,0.01
6/21/2021,174.06,0.01
6/22/2021,174.06,0.01
6/23/2021,174.07,0.01
6/24/2021,174.07,0.01
6/25/2021,174.08,0.01
6/26/2021,174.09,0.01
6/27/2021,174.09,0.01
6/28/2021,174.09,0.01
6/29/2021,174.09,0.01
6/30/2021,174.10,0.01
7/1/2021,174.10,0.01
7/2/2021,174.11,0.01
7/3/2021,174.11,0.01
7/4/2021,174.12,0.01
7/5/2021,174.12,0.01
7/6/2021,174.13,0.01
7/7/2021,174.13,0.01
7/8/2021,174.14,0.01
7/9/2021,174.15,0.01
7/10/2021,174.15,0.01
7/11/2021,174.16,0.01
7/12/2021,174.17,0.01
7/13/2021,174.17,0.01
7/14/2021,174.17,0.01
7/15/2021,174.18,0.01
7/16/2021,174.18,0.01
7/17/2021,174.18,0.01
7/18/2021,174.19,0.01
7/19/2021,174.19,0.01
7/20/2021,174.19,0.01
7/21/2021,174.20,0.01
7/22/2021,174.20,0.01
7/23/2021,174.20,0.01
7/24/2021,174.21,0.01
7/25/2021,174.21,0.01
7/26/2021,174.22,0.01
7/27/2021,174.22,0.01
7/28/2021,174.23,0.01
7/29/2021,174.24,0.01
7/30/2021,174.25,0.01
7/31/2021,174.26,0.01
8/1/2021,174.27,0.02
8/2/2021,174.28,0.02
8/3/2021,174.29,0.02
8/4/2021,174.30,0.02
8/5/2021,174.31,0.02
8/6/2021,174.32,0.02
8/7/2021,174.33,0.02
8/8/2021,174.34,0.02
8/9/2021,174.36,0.02
8/10/2021,174.37,0.02
8/11/2021,174.38,0.02
8/12/2021,174.39,0.02
8/13/2021,174.40,0.02
8/14/2021,174.41,0.02
8/15/2021,174.42,0.02
8/16/2021,174.43,0.02
8/17/2021,174.44,0.02
8/18/2021,174.45,0.02
8/19/2021,174.46,0.02
8/20/2021,174.48,0.02
8/21/2021,174.49,0.02
8/22/2021,174.50,0.03
8/23/2021,174.51,0.02
8/24/2021,174.53,0.03
8/25/2021,174.54,0.03
8/26/2021,174.55,0.03
8/27/2021,174.57,0.03
8/28/2021,174.58,0.03
8/29/2021,174.59,0.03
8/30/2021,174.60,0.03
8/31/2021,174.62,0.03
9/1/2021,174.63,0.03
9/2/2021,174.64,0.03
9/3/2021,174.66,0.03
9/4/2021,174.67,0.03
9/5/2021,174.68,0.03
9/6/2021,174.69,0.03
9/7/2021,174.70,0.02
9/8/2021,174.71,0.02
9/9/2021,174.71,0.02
9/10/2021,174.72,0.02
9/11/2021,174.73,0.02
9/12/2021,174.74,0.02
9/13/2021,174.75,0.02
9/14/2021,174.76,0.02
9/15/2021,174.77,0.02
9/16/2021,174.77,0.02
9/17/2021,174.78,0.02
9/18/2021,174.79,0.02
9/19/2021,174.80,0.02
9/20/2021,174.81,0.02
9/21/2021,174.82,0.02
9/22/2021,174.82,0.02
9/23/2021,174.83,0.02
9/24/2021,174.84,0.02
9/25/2021,174.85,0.02
9/26/2021,174.85,0.02
9/27/2021,174.86,0.02
9/28/2021,174.87,0.02
9/29/2021,174.88,0.02
9/30/2021,174.89,0.02
10/1/2021,174.89,0.02
10/2/2021,174.90,0.02
10/3/2021,174.91,0.02
10/4/2021,174.92,0.02
10/5/2021,174.93,0.02
10/6/2021,174.94,0.02
10/7/2021,174.94,0.02
10/8/2021,174.95,0.02
10/9/2021,174.96,0.02
10/10/2021,174.97,0.02
10/11/2021,174.98,0.02
10/12/2021,174.98,0.02
10/13/2021,174.99,0.02
10/14/2021,175.00,0.02
10/15/2021,175.01,0.02
10/16/2021,175.02,0.02
10/17/2021,175.03,0.02
10/18/2021,175.04,0.02
10/19/2021,175.05,0.02
10/20/2021,175.06,0.02
10/21/2021,175.07,0.02
10/22/2021,175.09,0.02
10/23/2021,175.11,0.03
10/24/2021,175.12,0.03
10/25/2021,175.13,0.03
10/26/2021,175.14,0.03
10/27/2021,175.16,0.03
10/28/2021,175.17,0.03
10/29/2021,175.19,0.03
10/30/2021,175.22,0.03
10/31/2021,175.24,0.04
11/1/2021,175.26,0.04
11/2/2021,175.29,0.04
11/3/2021,175.37,0.07
11/4/2021,175.42,0.08
11/5/2021,175.46,0.08
11/6/2021,175.50,0.09
11/7/2021,175.53,0.09
11/8/2021,175.56,0.10
11/9/2021,175.59,0.09
11/10/2021,175.61,0.07
11/11/2021,175.64,0.07
11/12/2021,175.67,0.06
11/13/2021,175.68,0.06
11/14/2021,175.70,0.05
11/15/2021,175.72,0.05
11/16/2021,175.74,0.05
11/17/2021,175.76,0.05
11/18/2021,175.78,0.04
11/19/2021,175.80,0.04
11/20/2021,175.82,0.04
11/21/2021,175.84,0.04
11/22/2021,175.85,0.04
11/23/2021,175.88,0.04
11/24/2021,175.90,0.04
11/25/2021,175.92,0.04
11/26/2021,175.94,0.04
11/27/2021,175.96,0.04
11/28/2021,175.99,0.05
11/29/2021,176.01,0.05
11/30/2021,176.03,0.05
12/1/2021,176.05,0.05
12/2/2021,176.07,0.05
12/3/2021,176.09,0.05
12/4/2021,176.11,0.05
12/5/2021,176.13,0.04
12/6/2021,176.14,0.04
12/7/2021,176.16,0.04
12/8/2021,176.18,0.04
12/9/2021,176.20,0.04
12/10/2021,176.21,0.04
12/11/2021,176.22,0.03
12/12/2021,176.24,0.03
12/13/2021,176.25,0.03
12/14/2021,176.27,0.03
12/15/2021,176.28,0.03
12/16/2021,176.30,0.03
12/17/2021,176.31,0.03
12/18/2021,176.33,0.03
12/19/2021,176.34,0.03
12/20/2021,176.36,0.03
12/21/2021,176.38,0.03
12/22/2021,176.40,0.04
12/23/2021,176.43,0.04
12/24/2021,176.45,0.04
12/25/2021,176.47,0.04
12/26/2021,176.50,0.05
12/27/2021,176.52,0.05
12/28/2021,176.54,0.05
12/29/2021,176.56,0.05
12/30/2021,176.57,0.04
12/31/2021,176.58,0.04
1/1/2022,176.59,0.04
1/2/2022,176.60,0.03
1/3/2022,176.62,0.03
1/4/2022,176.64,0.03
1/5/2022,176.65,0.03
1/6/2022,176.67,0.03
1/7/2022,176.69,0.03
1/8/2022,176.71,0.04
1/9/2022,176.72,0.04
1/10/2022,176.73,0.04
1/11/2022,176.75,0.03
1/12/2022,176.77,0.03
1/13/2022,176.78,0.03
1/14/2022,176.80,0.03
1/15/2022,176.82,0.03
1/16/2022,176.83,0.03
1/17/2022,176.84,0.03
1/18/2022,176.86,0.03
1/19/2022,176.88,0.03
1/20/2022,176.89,0.03
1/21/2022,176.91,0.03
1/22/2022,176.92,0.03
1/23/2022,176.94,0.03
1/24/2022,176.95,0.03
1/25/2022,176.96,0.03
1/26/2022,176.98,0.03
1/27/2022,176.99,0.03
1/28/2022,177.00,0.03
1/29/2022,177.02,0.03
1/30/2022,177.03,0.03
1/31/2022,177.04,0.03
2/1/2022,177.06,0.03
2/2/2022,177.07,0.03
2/3/2022,177.09,0.03
2/4/2022,177.10,0.03
2/5/2022,177.11,0.03
2/6/2022,177.13,0.03
2/7/2022,177.14,0.03
2/8/2022,177.16,0.03
2/9/2022,177.17,0.03
2/10/2022,177.19,0.03
2/11/2022,177.20,0.03
2/12/2022,177.21,0.03
2/13/2022,177.23,0.03
2/14/2022,177.25,0.03
2/15/2022,177.26,0.03
2/16/2022,177.27,0.03
2/17/2022,177.29,0.03
2/18/2022,177.30,0.03
2/19/2022,177.32,0.03
2/20/2022,177.33,0.03
2/21/2022,177.35,0.03
2/22/2022,177.36,0.03
2/23/2022,177.38,0.03
2/24/2022,177.39,0.03
2/25/2022,177.41,0.03
2/26/2022,177.42,0.03
2/27/2022,177.44,0.03
2/28/2022,177.45,0.03
3/1/2022,177.46,0.03
3/2/2022,177.48,0.03
3/3/2022,177.49,0.03
3/4/2022,177.51,0.03
3/5/2022,177.52,0.03
3/6/2022,177.54,0.03
3/7/2022,177.55,0.03
3/8/2022,177.57,0.03
3/9/2022,177.58,0.03
3/10/2022,177.60,0.03
3/11/2022,177.62,0.03
3/12/2022,177.63,0.03
3/13/2022,177.65,0.03
3/14/2022,177.66,0.03
3/15/2022,177.67,0.03
3/16/2022,177.69,0.03
3/17/2022,177.70,0.03
3/18/2022,177.71,0.03
3/19/2022,177.71,0.03
3/20/2022,177.71,0.02
3/21/2022,177.71,0.02
3/22/2022,177.71,0.01
3/23/2022,177.71,0.01
3/24/2022,177.71,0.00
3/25/2022,177.71,0.00
3/26/2022,177.71,0.00
3/27/2022,177.71,0.00
3/28/2022,177.71,0.00
3/29/2022,177.71,0.00
3/30/2022,177.71,0.00
3/31/2022,177.71,0.00
4/1/2022,177.71,0.00
4/2/2022,177.71,0.00
4/3/2022,177.71,0.00
4/4/2022,177.71,0.00
4/5/2022,177.71,0.00
4/6/2022,177.71,0.00
4/7/2022,177.71,0.00
4/8/2022,177.71,0.00
4/9/2022,177.71,0.00
4/10/2022,177.71,0.00
4/11/2022,177.71,0.00
4/12/2022,177.71,0.00
4/13/2022,177.71,0.00
4/14/2022,177.71,0.00
4/15/2022,177.72,0.00
4/16/2022,177.74,0.01
4/17/2022,177.76,0.01
4/18/2022,177.78,0.02
4/19/2022,177.80,0.03
4/20/2022,177.82,0.03
4/21/2022,177.84,0.04
4/22/2022,177.85,0.04
4/23/2022,177.87,0.04
4/24/2022,177.89,0.04
4/25/2022,177.91,0.04
4/26/2022,177.94,0.04
4/27/2022,177.96,0.04
4/28/2022,177.97,0.04
4/29/2022,177.99,0.04
4/30/2022,178.00,0.04
5/1/2022,178.01,0.04
5/2/2022,178.02,0.03
5/3/2022,178.04,0.03
5/4/2022,178.05,0.03
5/5/2022,178.06,0.03
5/6/2022,178.08,0.03
5/7/2022,178.09,0.03
5/8/2022,178.11,0.03
5/9/2022,178.13,0.03
5/10/2022,178.15,0.03
5/11/2022,178.16,0.03
5/12/2022,178.18,0.04
5/13/2022,178.22,0.04
5/14/2022,178.27,0.05
5/15/2022,178.29,0.06
5/16/2022,178.34,0.06
5/17/2022,178.34,0.06
5/18/2022,178.34,0.05
5/19/2022,178.34,0.05
5/20/2022,178.34,0.04
5/21/2022,178.34,0.02
5/22/2022,178.34,0.01
5/23/2022,178.34,0.00
5/24/2022,178.34,0.00
5/25/2022,178.34,0.00
5/26/2022,178.34,0.00
5/27/2022,178.34,0.00
5/28/2022,178.34,0.00
5/29/2022,178.34,0.00
5/30/2022,178.34,0.00
5/31/2022,178.34,0.00
6/1/2022,178.34,0.00
6/2/2022,178.34,0.00
6/3/2022,178.34,0.00
6/4/2022,178.34,0.00
6/5/2022,178.34,0.00
6/6/2022,178.34,0.00
6/7/2022,178.34,0.00
6/8/2022,178.34,0.00
6/9/2022,178.34,0.00
6/10/2022,178.34,0.00
6/11/2022,178.34,0.00
6/12/2022,178.34,0.00
6/13/2022,178.34,0.00
6/14/2022,178.34,0.00
6/15/2022,178.34,0.00
6/16/2022,178.34,0.00
6/17/2022,178.35,0.00
6/18/2022,178.37,0.01
6/19/2022,178.41,0.02
6/20/2022,178.43,0.03
6/21/2022,178.45,0.03
6/22/2022,178.48,0.04
6/23/2022,178.52,0.05
6/24/2022,178.54,0.06
6/25/2022,178.56,0.06
6/26/2022,178.58,0.05
6/27/2022,178.61,0.05
6/28/2022,178.64,0.06
6/29/2022,178.66,0.05
6/30/2022,178.69,0.05
7/1/2022,178.71,0.05
7/2/2022,178.74,0.05
7/3/2022,178.76,0.05
7/4/2022,178.79,0.05
7/5/2022,178.81,0.05
7/6/2022,178.84,0.06
7/7/2022,178.88,0.06
7/8/2022,178.91,0.06
7/9/2022,178.97,0.07
7/10/2022,179.02,0.08
7/11/2022,179.09,0.09
7/12/2022,179.16,0.11
7/13/2022,179.24,0.12
7/14/2022,179.31,0.14
7/15/2022,179.38,0.14
7/16/2022,179.43,0.14
7/17/2022,179.49,0.15
7/18/2022,179.55,0.14
7/19/2022,179.61,0.14
7/20/2022,179.66,0.13
7/21/2022,179.70,0.12
7/22/2022,179.75,0.12
7/23/2022,179.79,0.11
7/24/2022,179.84,0.11
7/25/2022,179.88,0.10
7/26/2022,179.92,0.09
7/27/2022,179.96,0.09
7/28/2022,180.03,0.10
7/29/2022,180.08,0.10
7/30/2022,180.13,0.10
7/31/2022,180.18,0.10
8/1/2022,180.23,0.11
8/2/2022,180.28,0.11
8/3/2022,180.33,0.11
8/4/2022,180.38,0.11
8/5/2022,180.44,0.11
8/6/2022,180.49,0.11
8/7/2022,180.54,0.11
8/8/2022,180.57,0.10
8/9/2022,180.60,0.10
8/10/2022,180.63,0.09
8/11/2022,180.66,0.08
8/12/2022,180.68,0.07
8/13/2022,180.71,0.07
8/14/2022,180.74,0.06
8/15/2022,180.76,0.06
8/16/2022,180.79,0.06
8/17/2022,180.82,0.06
8/18/2022,180.85,0.06
8/19/2022,180.88,0.06
8/20/2022,180.92,0.06
8/21/2022,180.95,0.06
8/22/2022,180.97,0.06
8/23/2022,180.98,0.06
8/24/2022,180.99,0.05
8/25/2022,181.01,0.05
8/26/2022,181.03,0.04
8/27/2022,181.06,0.04
8/28/2022,181.09,0.04
8/29/2022,181.12,0.04
8/30/2022,181.15,0.05
8/31/2022,181.19,0.06
9/1/2022,181.22,0.06
9/2/2022,181.26,0.07
9/3/2022,181.30,0.07
9/4/2022,181.35,0.08
9/5/2022,181.41,0.09
9/6/2022,181.48,0.10
9/7/2022,181.54,0.11
9/8/2022,181.62,0.12
9/9/2022,181.68,0.13
9/10/2022,181.76,0.14
9/11/2022,181.83,0.15
9/12/2022,181.90,0.15
9/13/2022,181.97,0.15
9/14/2022,182.04,0.15
9/15/2022,182.12,0.15
9/16/2022,182.19,0.16
9/17/2022,182.26,0.16
9/18/2022,182.34,0.16
9/19/2022,182.41,0.16
9/20/2022,182.47,0.15
9/21/2022,182.54,0.15
9/22/2022,182.61,0.15
9/23/2022,182.68,0.15
9/24/2022,182.75,0.15
9/25/2022,182.82,0.15
9/26/2022,182.88,0.14
9/27/2022,182.95,0.14
9/28/2022,183.02,0.15
9/29/2022,183.09,0.15
9/30/2022,183.16,0.15
10/1/2022,183.23,0.15
10/2/2022,183.30,0.15
10/3/2022,183.36,0.15
10/4/2022,183.44,0.15
10/5/2022,183.50,0.15
10/6/2022,183.56,0.14
10/7/2022,183.63,0.14
10/8/2022,183.69,0.14
10/9/2022,183.75,0.14
10/10/2022,183.79,0.13
10/11/2022,183.82,0.12
10/12/2022,183.86,0.11
10/13/2022,183.89,0.10
10/14/2022,183.93,0.09
10/15/2022,183.96,0.08
10/16/2022,183.99,0.07
10/17/2022,184.03,0.07
10/18/2022,184.05,0.07
10/19/2022,184.07,0.06
10/20/2022,184.09,0.06
10/21/2022,184.09,0.05
10/22/2022,184.10,0.04
10/23/2022,184.11,0.04
10/24/2022,184.12,0.03
10/25/2022,184.13,0.02
10/26/2022,184.13,0.02
10/27/2022,184.14,0.01
10/28/2022,184.15,0.02
10/29/2022,184.16,0.02
10/30/2022,184.16,0.01
10/31/2022,184.17,0.01
11/1/2022,184.18,0.01
11/2/2022,184.20,0.02
11/3/2022,184.21,0.02
11/4/2022,184.22,0.02
11/5/2022,184.24,0.02
11/6/2022,184.26,0.03
11/7/2022,184.27,0.03
11/8/2022,184.29,0.03
11/9/2022,184.30,0.03
11/10/2022,184.32,0.03
11/11/2022,184.36,0.04
11/12/2022,184.41,0.05
11/13/2022,184.46,0.06
11/14/2022,184.54,0.08
11/15/2022,184.59,0.09
11/16/2022,184.69,0.11
11/17/2022,184.73,0.12
11/18/2022,184.81,0.14
11/19/2022,184.89,0.14
11/20/2022,184.98,0.16
11/21/2022,185.05,0.16
11/22/2022,185.14,0.17
11/23/2022,185.23,0.17
11/24/2022,185.32,0.18
11/25/2022,185.40,0.18
11/26/2022,185.47,0.17
11/27/2022,185.56,0.18
11/28/2022,185.63,0.18
11/29/2022,185.72,0.18
11/30/2022,185.80,0.17
12/1/2022,185.89,0.17
12/2/2022,185.98,0.18
12/3/2022,186.07,0.18
12/4/2022,186.17,0.19
12/5/2022,186.26,0.19
12/6/2022,186.35,0.19
12/7/2022,186.46,0.20
12/8/2022,186.55,0.20
12/9/2022,186.65,0.20
12/10/2022,186.75,0.21
12/11/2022,186.86,0.21
12/12/2022,186.97,0.22
12/13/2022,187.08,0.23
12/14/2022,187.19,0.23
12/15/2022,187.31,0.24
12/16/2022,187.40,0.23
12/17/2022,187.51,0.24
12/18/2022,187.61,0.23
12/19/2022,187.72,0.23
12/20/2022,187.83,0.23
12/21/2022,187.93,0.23
12/22/2022,188.01,0.21
12/23/2022,188.12,0.22
12/24/2022,188.25,0.23
12/25/2022,188.36,0.23
12/26/2022,188.48,0.23
12/27/2022,188.59,0.24
12/28/2022,188.71,0.24
12/29/2022,188.83,0.25
12/30/2022,188.94,0.25
12/31/2022,189.06,0.25
1/1/2023,189.17,0.25
1/2/2023,189.29,0.25
1/3/2023,189.40,0.25
1/4/2023,189.52,0.25
1/5/2023,189.64,0.25
1/6/2023,189.76,0.26
1/7/2023,189.89,0.26
1/8/2023,190.01,0.26
1/9/2023,190.13,0.26
1/10/2023,190.25,0.26
1/11/2023,190.37,0.26
1/12/2023,190.50,0.26
1/13/2023,190.62,0.27
1/14/2023,190.75,0.27
1/15/2023,190.87,0.27
1/16/2023,190.99,0.27
1/17/2023,191.11,0.27
1/18/2023,191.24,0.27
1/19/2023,191.36,0.27
1/20/2023,191.50,0.27
1/21/2023,191.63,0.27
1/22/2023,191.76,0.27
1/23/2023,191.89,0.28
1/24/2023,192.01,0.28
1/25/2023,192.12,0.27
1/26/2023,192.26,0.27
1/27/2023,192.36,0.27
1/28/2023,192.49,0.26
1/29/2023,192.61,0.26
1/30/2023,192.72,0.26
1/31/2023,192.84,0.25
2/1/2023,192.97,0.26
2/2/2023,193.09,0.25
2/3/2023,193.18,0.25
2/4/2023,193.29,0.24
2/5/2023,193.40,0.24
2/6/2023,193.52,0.24
2/7/2023,193.64,0.24
2/8/2023,193.75,0.24
2/9/2023,193.87,0.23
2/10/2023,193.99,0.24
2/11/2023,194.10,0.24
2/12/2023,194.22,0.24
2/13/2023,194.33,0.24
2/14/2023,194.45,0.24
2/15/2023,194.56,0.24
2/16/2023,194.68,0.24
2/17/2023,194.80,0.24
2/18/2023,194.91,0.24
2/19/2023,195.03,0.24
2/20/2023,195.15,0.24
2/21/2023,195.26,0.24
2/22/2023,195.38,0.25
2/23/2023,195.50,0.25
2/24/2023,195.62,0.24
2/25/2023,195.72,0.24
2/26/2023,195.85,0.24
2/27/2023,195.97,0.24
2/28/2023,196.09,0.25
3/1/2023,196.19,0.24
3/2/2023,196.32,0.24
3/3/2023,196.44,0.24
3/4/2023,196.55,0.24
3/5/2023,196.67,0.24
3/6/2023,196.81,0.25
3/7/2023,196.90,0.24
3/8/2023,197.00,0.24
3/9/2023,197.12,0.24
3/10/2023,197.24,0.24
3/11/2023,197.34,0.23
3/12/2023,197.41,0.21
3/13/2023,197.48,0.19
3/14/2023,197.57,0.19
3/15/2023,197.65,0.18
3/16/2023,197.73,0.17
3/17/2023,197.80,0.16
3/18/2023,197.91,0.16
3/19/2023,197.99,0.17
3/20/2023,198.09,0.18
3/21/2023,198.18,0.17
3/22/2023,198.28,0.18
3/23/2023,198.36,0.18
3/24/2023,198.46,0.19
3/25/2023,198.55,0.18
3/26/2023,198.63,0.18
3/27/2023,198.73,0.18
3/28/2023,198.82,0.18
3/29/2023,198.91,0.18
3/30/2023,199.01,0.19
3/31/2023,199.13,0.19
4/1/2023,199.23,0.20
4/2/2023,199.33,0.20
4/3/2023,199.43,0.20
4/4/2023,199.53,0.20
4/5/2023,199.63,0.21
4/6/2023,199.74,0.21
4/7/2023,199.84,0.20
4/8/2023,199.94,0.20
4/9/2023,200.03,0.20
4/10/2023,200.12,0.20
4/11/2023,200.20,0.19
4/12/2023,200.25,0.18
4/13/2023,200.31,0.16
4/14/2023,200.37,0.15
4/15/2023,200.42,0.13
4/16/2023,200.46,0.12
4/17/2023,200.51,0.11
4/18/2023,200.56,0.10
4/19/2023,200.61,0.10
4/20/2023,200.66,0.10
4/21/2023,200.72,0.10
4/22/2023,200.77,0.10
4/23/2023,200.80,0.09
4/24/2023,200.84,0.09
4/25/2023,200.86,0.08
4/26/2023,200.89,0.07
4/27/2023,200.92,0.07
4/28/2023,200.95,0.06
4/29/2023,200.98,0.06
4/30/2023,201.00,0.05
5/1/2023,201.03,0.05
5/2/2023,201.05,0.05
5/3/2023,201.08,0.05
5/4/2023,201.10,0.05
5/5/2023,201.13,0.05
5/6/2023,201.16,0.05
5/7/2023,201.19,0.05
5/8/2023,201.21,0.05
5/9/2023,201.23,0.05
5/10/2023,201.25,0.05
5/11/2023,201.27,0.04
5/12/2023,201.28,0.04
5/13/2023,201.30,0.04
5/14/2023,201.33,0.04
5/15/2023,201.39,0.05
5/16/2023,201.47,0.06
5/17/2023,201.54,0.08
5/18/2023,201.62,0.10
5/19/2023,201.71,0.12
5/20/2023,201.80,0.14
5/21/2023,201.89,0.15
5/22/2023,201.98,0.17
5/23/2023,202.08,0.17
5/24/2023,202.16,0.17
5/25/2023,202.26,0.18
5/26/2023,202.36,0.18
5/27/2023,202.45,0.18
5/28/2023,202.53,0.18
5/29/2023,202.62,0.18
5/30/2023,202.72,0.18
5/31/2023,202.82,0.18
6/1/2023,202.90,0.18
6/2/2023,203.01,0.18
6/3/2023,203.11,0.18
6/4/2023,203.20,0.19
6/5/2023,203.30,0.19
6/6/2023,203.40,0.19
6/7/2023,203.49,0.19
6/8/2023,203.59,0.19
6/9/2023,203.69,0.19
6/10/2023,203.78,0.19
6/11/2023,203.88,0.19
6/12/2023,203.97,0.19
6/13/2023,204.07,0.19
6/14/2023,204.17,0.19
6/15/2023,204.27,0.19
6/16/2023,204.38,0.19
6/17/2023,204.47,0.19
6/18/2023,204.58,0.20
6/19/2023,204.65,0.19
6/20/2023,204.75,0.19
6/21/2023,204.85,0.19
6/22/2023,204.94,0.18
6/23/2023,205.04,0.18
6/24/2023,205.14,0.18
6/25/2023,205.23,0.18
6/26/2023,205.34,0.19
6/27/2023,205.45,0.20
6/28/2023,205.56,0.20
6/29/2023,205.66,0.20
6/30/2023,205.77,0.20
7/1/2023,205.88,0.21
7/2/2023,205.99,0.21
7/3/2023,206.09,0.21
7/4/2023,206.14,0.19
7/5/2023,206.22,0.18
7/6/2023,206.31,0.18
7/7/2023,206.41,0.18
7/8/2023,206.47,0.16
7/9/2023,206.54,0.15
7/10/2023,206.59,0.14
7/11/2023,206.67,0.14
7/12/2023,206.72,0.14
7/13/2023,206.78,0.13
7/14/2023,206.85,0.12
7/15/2023,206.93,0.12
7/16/2023,206.98,0.12
7/17/2023,207.05,0.12
7/18/2023,207.11,0.12
7/19/2023,207.16,0.12
7/20/2023,207.23,0.12
7/21/2023,207.29,0.12
7/22/2023,207.35,0.11
7/23/2023,207.41,0.11
7/24/2023,207.45,0.11
7/25/2023,207.50,0.10
7/26/2023,207.56,0.10
7/27/2023,207.62,0.10
7/28/2023,207.68,0.10
7/29/2023,207.73,0.10
7/30/2023,207.79,0.10
7/31/2023,207.86,0.11
8/1/2023,207.93,0.11
8/2/2023,208.00,0.12
8/3/2023,208.07,0.12
8/4/2023,208.15,0.13
8/5/2023,208.24,0.14
8/6/2023,208.33,0.14
8/7/2023,208.42,0.15
8/8/2023,208.50,0.15
8/9/2023,208.61,0.17
8/10/2023,208.72,0.18
8/11/2023,208.82,0.18
8/12/2023,208.89,0.18
8/13/2023,209.02,0.19
8/14/2023,209.11,0.19
8/15/2023,209.21,0.19
8/16/2023,209.33,0.20
8/17/2023,209.44,0.20
8/18/2023,209.53,0.19
8/19/2023,209.63,0.20
8/20/2023,209.73,0.19
8/21/2023,209.84,0.20
8/22/2023,209.94,0.20
8/23/2023,210.04,0.19
8/24/2023,210.15,0.19
8/25/2023,210.23,0.19
8/26/2023,210.35,0.19
8/27/2023,210.47,0.20
8/28/2023,210.57,0.20
8/29/2023,210.67,0.20
8/30/2023,210.78,0.20
8/31/2023,210.89,0.20
9/1/2023,210.99,0.21
9/2/2023,211.09,0.20
9/3/2023,211.20,0.20
9/4/2023,211.29,0.20
9/5/2023,211.38,0.19
9/6/2023,211.47,0.18
9/7/2023,211.56,0.18
9/8/2023,211.66,0.18
9/9/2023,211.77,0.18
9/10/2023,211.88,0.18
9/11/2023,211.98,0.18
9/12/2023,212.08,0.19
9/13/2023,212.18,0.19
9/14/2023,212.30,0.20
9/15/2023,212.40,0.20
9/16/2023,212.50,0.20
9/17/2023,212.61,0.20
9/18/2023,212.73,0.20
9/19/2023,212.82,0.20
9/20/2023,212.92,0.20
9/21/2023,213.04,0.20
9/22/2023,213.15,0.20
9/23/2023,213.25,0.20
9/24/2023,213.38,0.21
9/25/2023,213.49,0.20
9/26/2023,213.57,0.20
9/27/2023,213.69,0.21
9/28/2023,213.81,0.21
9/29/2023,213.92,0.20
9/30/2023,214.03,0.21
10/1/2023,214.15,0.21
10/2/2023,214.24,0.20
10/3/2023,214.36,0.21
10/4/2023,214.47,0.21
10/5/2023,214.55,0.20
10/6/2023,214.67,0.20
10/7/2023,214.79,0.20
10/8/2023,214.88,0.19
10/9/2023,214.98,0.20
10/10/2023,215.06,0.18
10/11/2023,215.15,0.18
10/12/2023,215.23,0.18
10/13/2023,215.33,0.17
10/14/2023,215.44,0.17
10/15/2023,215.53,0.17
10/16/2023,215.65,0.18
10/17/2023,215.75,0.18
10/18/2023,215.86,0.19
10/19/2023,215.97,0.20
10/20/2023,216.06,0.19
10/21/2023,216.15,0.19
10/22/2023,216.27,0.20
10/23/2023,216.37,0.19
10/24/2023,216.47,0.19
10/25/2023,216.60,0.20
10/26/2023,216.70,0.19
10/27/2023,216.82,0.20
10/28/2023,216.93,0.21
10/29/2023,217.05,0.21
10/30/2023,217.17,0.21
10/31/2023,217.28,0.21
11/1/2023,217.39,0.21
11/2/2023,217.49,0.21
11/3/2023,217.61,0.21
11/4/2023,217.72,0.21
11/5/2023,217.83,0.21
11/6/2023,217.95,0.21
11/7/2023,218.05,0.20
11/8/2023,218.16,0.20
11/9/2023,218.25,0.20
11/10/2023,218.34,0.19
11/11/2023,218.44,0.19
11/12/2023,218.55,0.19
11/13/2023,218.65,0.18
11/14/2023,218.76,0.19
11/15/2023,218.86,0.18
11/16/2023,218.98,0.19
11/17/2023,219.08,0.19
11/18/2023,219.20,0.20
11/19/2023,219.31,0.20
11/20/2023,219.41,0.20
11/21/2023,219.53,0.20
11/22/2023,219.65,0.20
11/23/2023,219.77,0.21
11/24/2023,219.86,0.20
11/25/2023,219.95,0.20
11/26/2023,220.02,0.18
11/27/2023,220.11,0.18
11/28/2023,220.21,0.17
11/29/2023,220.29,0.17
11/30/2023,220.38,0.16
12/1/2023,220.49,0.16
12/2/2023,220.59,0.16
12/3/2023,220.70,0.17
12/4/2023,220.81,0.18
12/5/2023,220.93,0.18
12/6/2023,221.01,0.18
12/7/2023,221.09,0.18
12/8/2023,221.17,0.17
12/9/2023,221.24,0.17
12/10/2023,221.34,0.16
12/11/2023,221.42,0.15
12/12/2023,221.51,0.15
12/13/2023,221.61,0.15
12/14/2023,221.68,0.15
12/15/2023,221.78,0.15
12/16/2023,221.85,0.15
12/17/2023,221.94,0.15
12/18/2023,222.03,0.15
12/19/2023,222.11,0.15
12/20/2023,222.19,0.15
12/21/2023,222.26,0.15
12/22/2023,222.35,0.14
12/23/2023,222.43,0.14
12/24/2023,222.52,0.15
12/25/2023,222.61,0.15
12/26/2023,222.70,0.15
12/27/2023,222.80,0.15
12/28/2023,222.89,0.16
12/29/2023,222.94,0.15
12/30/2023,223.00,0.14
12/31/2023,223.09,0.14
1/1/2024,223.15,0.14
1/2/2024,223.25,0.14
1/3/2024,223.32,0.13
1/4/2024,223.40,0.13
1/5/2024,223.47,0.13
1/6/2024,223.54,0.14
1/7/2024,223.60,0.12
1/8/2024,223.66,0.13
1/9/2024,223.73,0.12
1/10/2024,223.79,0.12
1/11/2024,223.86,0.11
1/12/2024,223.91,0.11
1/13/2024,223.97,0.11
1/14/2024,224.01,0.10
1/15/2024,224.06,0.10
1/16/2024,224.11,0.09
1/17/2024,224.15,0.09
1/18/2024,224.20,0.08
1/19/2024,224.26,0.09
1/20/2024,224.30,0.08
1/21/2024,224.37,0.09
1/22/2024,224.43,0.09
1/23/2024,224.52,0.10
1/24/2024,224.60,0.11
1/25/2024,224.67,0.12
1/26/2024,224.77,0.13
1/27/2024,224.84,0.14
1/28/2024,224.93,0.14
1/29/2024,225.03,0.15
1/30/2024,225.11,0.15
1/31/2024,225.18,0.14
2/1/2024,225.22,0.14
2/2/2024,225.30,0.13
2/3/2024,225.35,0.13
2/4/2024,225.42,0.12
2/5/2024,225.47,0.11
2/6/2024,225.55,0.11
2/7/2024,225.63,0.11
2/8/2024,225.71,0.12
2/9/2024,225.79,0.12
2/10/2024,225.85,0.12
2/11/2024,225.93,0.13
2/12/2024,225.98,0.13
2/13/2024,226.04,0.12
2/14/2024,226.09,0.11
2/15/2024,226.14,0.10
2/16/2024,226.16,0.09
2/17/2024,226.16,0.07
2/18/2024,226.17,0.06
2/19/2024,226.23,0.06
2/20/2024,226.32,0.07
2/21/2024,226.38,0.07
2/22/2024,226.46,0.08
2/23/2024,226.52,0.09
2/24/2024,226.58,0.10
2/25/2024,226.62,0.11
2/26/2024,226.67,0.11
2/27/2024,226.72,0.09
2/28/2024,226.76,0.09
2/29/2024,226.77,0.07
3/1/2024,226.81,0.07
3/2/2024,226.86,0.07
3/3/2024,226.89,0.06
3/4/2024,226.93,0.06
3/5/2024,226.96,0.06
3/6/2024,226.98,0.05
3/7/2024,227.01,0.06
3/8/2024,227.03,0.05
3/9/2024,227.05,0.04