Date,ZLFund BMF
1/18/2017,100.00
1/19/2017,100.53
1/20/2017,100.57
1/21/2017,100.75
1/22/2017,100.99
1/23/2017,101.06
1/24/2017,101.09
1/25/2017,101.19
1/26/2017,101.23
1/27/2017,101.27
1/28/2017,101.30
1/29/2017,101.34
1/30/2017,101.38
1/31/2017,101.41
2/1/2017,101.45
2/2/2017,101.49
2/3/2017,101.53
2/4/2017,101.57
2/5/2017,101.61
2/6/2017,101.64
2/7/2017,101.68
2/8/2017,101.71
2/9/2017,101.74
2/10/2017,101.77
2/11/2017,101.80
2/12/2017,101.82
2/13/2017,101.97
2/14/2017,102.00
2/15/2017,102.02
2/16/2017,102.04
2/17/2017,102.07
2/18/2017,102.09
2/19/2017,102.12
2/20/2017,102.14
2/21/2017,102.16
2/22/2017,102.18
2/23/2017,102.21
2/24/2017,102.23
2/25/2017,102.26
2/26/2017,102.30
2/27/2017,102.35
2/28/2017,102.40
3/1/2017,102.44
3/2/2017,102.49
3/3/2017,102.53
3/4/2017,102.58
3/5/2017,102.63
3/6/2017,102.67
3/7/2017,102.71
3/8/2017,102.75
3/9/2017,102.79
3/10/2017,102.83
3/11/2017,102.87
3/12/2017,102.91
3/13/2017,102.94
3/14/2017,102.98
3/15/2017,103.01
3/16/2017,103.03
3/17/2017,103.06
3/18/2017,103.09
3/19/2017,103.12
3/20/2017,103.15
3/21/2017,103.18
3/22/2017,103.21
3/23/2017,103.24
3/24/2017,103.26
3/25/2017,103.29
3/26/2017,103.32
3/27/2017,103.36
3/28/2017,103.40
3/29/2017,103.43
3/30/2017,103.47
3/31/2017,103.50
4/1/2017,103.53
4/2/2017,103.56
4/3/2017,103.58
4/4/2017,103.61
4/5/2017,103.63
4/6/2017,103.65
4/7/2017,103.67
4/8/2017,103.69
4/9/2017,103.71
4/10/2017,103.73
4/11/2017,103.75
4/12/2017,103.77
4/13/2017,103.78
4/14/2017,103.80
4/15/2017,103.82
4/16/2017,103.84
4/17/2017,103.85
4/18/2017,103.87
4/19/2017,103.89
4/20/2017,103.90
4/21/2017,103.91
4/22/2017,103.92
4/23/2017,103.93
4/24/2017,103.95
4/25/2017,103.96
4/26/2017,103.97
4/27/2017,103.99
4/28/2017,104.00
4/29/2017,104.01
4/30/2017,104.03
5/1/2017,104.04
5/2/2017,104.05
5/3/2017,104.07
5/4/2017,104.08
5/5/2017,104.11
5/6/2017,104.17
5/7/2017,104.26
5/8/2017,104.33
5/9/2017,104.38
5/10/2017,104.43
5/11/2017,104.48
5/12/2017,104.52
5/13/2017,104.58
5/14/2017,104.65
5/15/2017,104.74
5/16/2017,104.83
5/17/2017,104.91
5/18/2017,104.98
5/19/2017,105.07
5/20/2017,105.19
5/21/2017,105.35
5/22/2017,105.50
5/23/2017,105.67
5/24/2017,105.87
5/25/2017,106.12
5/26/2017,106.40
5/27/2017,106.65
5/28/2017,106.86
5/29/2017,107.07
5/30/2017,107.27
5/31/2017,107.46
6/1/2017,107.64
6/2/2017,107.81
6/3/2017,107.99
6/4/2017,108.17
6/5/2017,108.34
6/6/2017,108.52
6/7/2017,108.69
6/8/2017,108.86
6/9/2017,109.03
6/10/2017,109.19
6/11/2017,109.36
6/12/2017,109.52
6/13/2017,109.68
6/14/2017,109.84
6/15/2017,110.00
6/16/2017,110.15
6/17/2017,110.28
6/18/2017,110.41
6/19/2017,110.54
6/20/2017,110.65
6/21/2017,110.75
6/22/2017,110.82
6/23/2017,110.91
6/24/2017,110.99
6/25/2017,111.09
6/26/2017,111.17
6/27/2017,111.20
6/28/2017,111.26
6/29/2017,111.33
6/30/2017,111.40
7/1/2017,111.45
7/2/2017,111.50
7/3/2017,111.53
7/4/2017,111.57
7/5/2017,111.60
7/6/2017,111.64
7/7/2017,111.68
7/8/2017,111.71
7/9/2017,111.75
7/10/2017,111.79
7/11/2017,111.83
7/12/2017,111.86
7/13/2017,111.89
7/14/2017,111.91
7/15/2017,111.93
7/16/2017,111.96
7/17/2017,111.98
7/18/2017,112.01
7/19/2017,112.03
7/20/2017,112.06
7/21/2017,112.10
7/22/2017,112.14
7/23/2017,112.24
7/24/2017,112.35
7/25/2017,112.43
7/26/2017,112.52
7/27/2017,112.59
7/28/2017,112.66
7/29/2017,112.73
7/30/2017,112.80
7/31/2017,112.88
8/1/2017,112.98
8/2/2017,113.06
8/3/2017,113.12
8/4/2017,113.17
8/5/2017,113.22
8/6/2017,113.27
8/7/2017,113.34
8/8/2017,113.42
8/9/2017,113.49
8/10/2017,113.57
8/11/2017,113.64
8/12/2017,113.72
8/13/2017,113.79
8/14/2017,113.86
8/15/2017,113.93
8/16/2017,114.00
8/17/2017,114.07
8/18/2017,114.14
8/19/2017,114.21
8/20/2017,114.28
8/21/2017,114.35
8/22/2017,114.42
8/23/2017,114.49
8/24/2017,114.57
8/25/2017,114.64
8/26/2017,114.72
8/27/2017,114.79
8/28/2017,114.87
8/29/2017,114.95
8/30/2017,115.03
8/31/2017,115.12
9/1/2017,115.20
9/2/2017,115.28
9/3/2017,115.36
9/4/2017,115.44
9/5/2017,115.52
9/6/2017,115.60
9/7/2017,115.67
9/8/2017,115.74
9/9/2017,115.81
9/10/2017,115.87
9/11/2017,115.94
9/12/2017,116.01
9/13/2017,116.07
9/14/2017,116.14
9/15/2017,116.20
9/16/2017,116.26
9/17/2017,116.31
9/18/2017,116.37
9/19/2017,116.42
9/20/2017,116.48
9/21/2017,116.51
9/22/2017,116.51
9/23/2017,116.60
9/24/2017,116.64
9/25/2017,116.68
9/26/2017,116.74
9/27/2017,116.77
9/28/2017,116.81
9/29/2017,116.85
9/30/2017,116.89
10/1/2017,116.93
10/2/2017,116.96
10/3/2017,117.00
10/4/2017,117.04
10/5/2017,117.08
10/6/2017,117.12
10/7/2017,117.15
10/8/2017,117.19
10/9/2017,117.22
10/10/2017,117.26
10/11/2017,117.29
10/12/2017,117.32
10/13/2017,117.39
10/14/2017,117.54
10/15/2017,117.78
10/16/2017,118.03
10/17/2017,118.27
10/18/2017,118.48
10/19/2017,118.67
10/20/2017,118.86
10/21/2017,119.04
10/22/2017,119.20
10/23/2017,119.34
10/24/2017,119.41
10/25/2017,119.45
10/26/2017,119.52
10/27/2017,119.60
10/28/2017,119.67
10/29/2017,119.74
10/30/2017,119.81
10/31/2017,119.89
11/1/2017,119.97
11/2/2017,120.05
11/3/2017,120.12
11/4/2017,120.20
11/5/2017,120.28
11/6/2017,120.36
11/7/2017,120.44
11/8/2017,120.53
11/9/2017,120.62
11/10/2017,120.68
11/11/2017,120.17
11/12/2017,120.23
11/13/2017,120.32
11/14/2017,120.40
11/15/2017,120.49
11/16/2017,120.57
11/17/2017,120.65
11/18/2017,120.74
11/19/2017,120.81
11/20/2017,120.89
11/21/2017,120.97
11/22/2017,121.05
11/23/2017,121.13
11/24/2017,121.21
11/25/2017,121.29
11/26/2017,121.37
11/27/2017,121.46
11/28/2017,121.54
11/29/2017,121.62
11/30/2017,121.70
12/1/2017,121.78
12/2/2017,121.87
12/3/2017,121.95
12/4/2017,122.03
12/5/2017,122.12
12/6/2017,122.20
12/7/2017,122.28
12/8/2017,122.36
12/9/2017,122.45
12/10/2017,122.51
12/11/2017,122.60
12/12/2017,122.68
12/13/2017,122.76
12/14/2017,122.85
12/15/2017,122.94
12/16/2017,123.06
12/17/2017,123.26
12/18/2017,123.56
12/19/2017,123.88
12/20/2017,124.18
12/21/2017,124.51
12/22/2017,124.82
12/23/2017,125.07
12/24/2017,125.29
12/25/2017,125.50
12/26/2017,125.70
12/27/2017,125.87
12/28/2017,126.03
12/29/2017,126.17
12/30/2017,126.30
12/31/2017,126.43
1/1/2018,126.56
1/2/2018,126.69
1/3/2018,126.78
1/4/2018,126.85
1/5/2018,126.92
1/6/2018,127.01
1/7/2018,127.10
1/8/2018,127.18
1/9/2018,127.27
1/10/2018,127.35
1/11/2018,127.43
1/12/2018,127.51
1/13/2018,127.59
1/14/2018,127.67
1/15/2018,127.74
1/16/2018,127.82
1/17/2018,127.89
1/18/2018,127.96
1/19/2018,128.02
1/20/2018,128.08
1/21/2018,128.13
1/22/2018,128.19
1/23/2018,128.24
1/24/2018,128.28
1/25/2018,128.33
1/26/2018,128.37
1/27/2018,128.41
1/28/2018,128.45
1/29/2018,128.49
1/30/2018,128.53
1/31/2018,128.57
2/1/2018,128.60
2/2/2018,128.63
2/3/2018,128.67
2/4/2018,128.70
2/5/2018,128.72
2/6/2018,128.75
2/7/2018,128.77
2/8/2018,128.79
2/9/2018,128.81
2/10/2018,128.84
2/11/2018,128.86
2/12/2018,128.87
2/13/2018,128.90
2/14/2018,128.94
2/15/2018,128.97
2/16/2018,129.01
2/17/2018,129.04
2/18/2018,129.07
2/19/2018,129.10
2/20/2018,129.14
2/21/2018,129.16
2/22/2018,129.19
2/23/2018,129.22
2/24/2018,129.24
2/25/2018,129.26
2/26/2018,129.28
2/27/2018,129.30
2/28/2018,129.33
3/1/2018,129.35
3/2/2018,129.37
3/3/2018,129.39
3/4/2018,129.41
3/5/2018,129.43
3/6/2018,129.46
3/7/2018,129.48
3/8/2018,129.50
3/9/2018,129.52
3/10/2018,129.53
3/11/2018,129.55
3/12/2018,129.57
3/13/2018,129.59
3/14/2018,129.61
3/15/2018,129.62
3/16/2018,129.64
3/17/2018,129.66
3/18/2018,129.67
3/19/2018,129.69
3/20/2018,129.70
3/21/2018,129.72
3/22/2018,129.73
3/23/2018,129.75
3/24/2018,129.76
3/25/2018,129.78
3/26/2018,129.79
3/27/2018,129.81
3/28/2018,129.82
3/29/2018,129.83
3/30/2018,129.84
3/31/2018,129.85
4/1/2018,129.86
4/2/2018,129.87
4/3/2018,129.88
4/4/2018,129.89
4/5/2018,129.89
4/6/2018,129.90
4/7/2018,129.91
4/8/2018,129.92
4/9/2018,129.93
4/10/2018,129.94
4/11/2018,129.94
4/12/2018,129.94
4/13/2018,129.94
4/14/2018,129.95
4/15/2018,129.95
4/16/2018,129.96
4/17/2018,129.97
4/18/2018,129.98
4/19/2018,129.99
4/20/2018,130.00
4/21/2018,130.01
4/22/2018,130.02
4/23/2018,130.03
4/24/2018,130.04
4/25/2018,130.07
4/26/2018,130.12
4/27/2018,130.20
4/28/2018,130.29
4/29/2018,130.43
4/30/2018,130.59
5/1/2018,130.74
5/2/2018,130.86
5/3/2018,130.97
5/4/2018,131.07
5/5/2018,131.17
5/6/2018,131.27
5/7/2018,131.38
5/8/2018,131.50
5/9/2018,131.61
5/10/2018,131.72
5/11/2018,131.81
5/12/2018,131.88
5/13/2018,131.95
5/14/2018,132.01
5/15/2018,132.07
5/16/2018,132.13
5/17/2018,132.19
5/18/2018,132.24
5/19/2018,132.29
5/20/2018,132.34
5/21/2018,132.40
5/22/2018,132.45
5/23/2018,132.51
5/24/2018,132.58
5/25/2018,132.64
5/26/2018,132.71
5/27/2018,132.77
5/28/2018,132.83
5/29/2018,132.88
5/30/2018,132.93
5/31/2018,132.98
6/1/2018,133.02
6/2/2018,133.07
6/3/2018,133.11
6/4/2018,133.17
6/5/2018,133.22
6/6/2018,133.29
6/7/2018,133.38
6/8/2018,133.46
6/9/2018,133.55
6/10/2018,133.63
6/11/2018,133.69
6/12/2018,133.75
6/13/2018,133.80
6/14/2018,133.84
6/15/2018,133.88
6/16/2018,133.92
6/17/2018,133.96
6/18/2018,133.99
6/19/2018,134.02
6/20/2018,134.06
6/21/2018,134.10
6/22/2018,134.15
6/23/2018,134.19
6/24/2018,134.23
6/25/2018,134.27
6/26/2018,134.30
6/27/2018,134.34
6/28/2018,134.38
6/29/2018,134.42
6/30/2018,134.46
7/1/2018,134.50
7/2/2018,134.53
7/3/2018,134.57
7/4/2018,134.60
7/5/2018,134.64
7/6/2018,134.66
7/7/2018,134.69
7/8/2018,134.71
7/9/2018,134.73
7/10/2018,134.75
7/11/2018,134.77
7/12/2018,134.79
7/13/2018,134.81
7/14/2018,134.83
7/15/2018,134.86
7/16/2018,134.88
7/17/2018,134.90
7/18/2018,134.92
7/19/2018,134.94
7/20/2018,134.96
7/21/2018,134.97
7/22/2018,134.99
7/23/2018,135.00
7/24/2018,135.02
7/25/2018,135.04
7/26/2018,135.05
7/27/2018,135.07
7/28/2018,135.08
7/29/2018,135.10
7/30/2018,135.11
7/31/2018,135.13
8/1/2018,135.14
8/2/2018,135.16
8/3/2018,135.18
8/4/2018,135.20
8/5/2018,135.22
8/6/2018,135.24
8/7/2018,135.26
8/8/2018,135.27
8/9/2018,135.29
8/10/2018,135.30
8/11/2018,135.32
8/12/2018,135.33
8/13/2018,135.34
8/14/2018,135.35
8/15/2018,135.36
8/16/2018,135.37
8/17/2018,135.38
8/18/2018,135.39
8/19/2018,135.40
8/20/2018,135.41
8/21/2018,135.42
8/22/2018,135.43
8/23/2018,135.44
8/24/2018,135.45
8/25/2018,135.45
8/26/2018,135.46
8/27/2018,135.47
8/28/2018,135.48
8/29/2018,135.49
8/30/2018,135.49
8/31/2018,135.50
9/1/2018,135.51
9/2/2018,135.52
9/3/2018,135.53
9/4/2018,135.53
9/5/2018,135.54
9/6/2018,135.55
9/7/2018,135.56
9/8/2018,135.57
9/9/2018,135.58
9/10/2018,135.59
9/11/2018,135.60
9/12/2018,135.61
9/13/2018,135.62
9/14/2018,135.63
9/15/2018,135.64
9/16/2018,135.64
9/17/2018,135.65
9/18/2018,135.66
9/19/2018,135.67
9/20/2018,135.68
9/21/2018,135.69
9/22/2018,135.71
9/23/2018,135.73
9/24/2018,135.77
9/25/2018,135.80
9/26/2018,135.82
9/27/2018,135.84
9/28/2018,135.86
9/29/2018,135.88
9/30/2018,135.90
10/1/2018,135.93
10/2/2018,135.95
10/3/2018,135.97
10/4/2018,135.99
10/5/2018,136.01
10/6/2018,136.03
10/7/2018,136.05
10/8/2018,136.07
10/9/2018,136.09
10/10/2018,136.11
10/11/2018,136.13
10/12/2018,136.15
10/13/2018,136.17
10/14/2018,136.19
10/15/2018,136.21
10/16/2018,136.23
10/17/2018,136.26
10/18/2018,136.28
10/19/2018,136.30
10/20/2018,136.32
10/21/2018,136.33
10/22/2018,136.35
10/23/2018,136.37
10/24/2018,136.39
10/25/2018,136.40
10/26/2018,136.42
10/27/2018,136.44
10/28/2018,136.45
10/29/2018,136.47
10/30/2018,136.48
10/31/2018,136.49
11/1/2018,136.51
11/2/2018,136.52
11/3/2018,136.54
11/4/2018,136.55
11/5/2018,136.57
11/6/2018,136.58
11/7/2018,136.58
11/8/2018,136.58
11/18/2018,136.59
11/19/2018,136.60
11/20/2018,136.61
11/21/2018,136.62
11/22/2018,136.62
11/23/2018,136.63
11/24/2018,136.63
11/25/2018,136.64
11/26/2018,136.65
11/27/2018,136.65
11/28/2018,136.66
11/29/2018,136.66
11/30/2018,136.67
12/1/2018,136.67
12/6/2018,136.70
12/7/2018,136.70
12/8/2018,136.71
12/9/2018,136.71
12/10/2018,136.72
12/11/2018,136.72
12/12/2018,136.73
12/13/2018,136.73
12/14/2018,136.73
12/15/2018,136.74
12/16/2018,136.74
12/17/2018,136.75
12/18/2018,136.75
12/19/2018,136.76
12/20/2018,136.76
12/21/2018,136.76
12/22/2018,136.77
12/23/2018,136.77
12/24/2018,136.78
12/25/2018,136.78
12/26/2018,136.79
12/27/2018,136.80
12/28/2018,136.80
12/29/2018,136.81
12/30/2018,136.81
12/31/2018,136.82
1/1/2019,136.83
1/2/2019,136.84
1/3/2019,136.85
1/4/2019,136.87
1/5/2019,136.89
1/6/2019,136.90
1/7/2019,136.92
1/8/2019,136.93
1/9/2019,136.94
1/10/2019,136.95
1/11/2019,136.96
1/12/2019,136.97
1/13/2019,136.97
1/14/2019,136.98
1/15/2019,136.99
1/16/2019,136.99
1/17/2019,137.00
1/18/2019,137.01
1/27/2019,137.48
1/28/2019,137.51
1/29/2019,137.53
1/30/2019,137.57
1/31/2019,137.59
2/1/2019,137.59
2/7/2019,137.59
2/8/2019,137.62
2/9/2019,137.65
2/10/2019,137.69
2/11/2019,137.73
2/12/2019,137.77
2/13/2019,137.80
2/14/2019,137.83
2/15/2019,137.85
2/16/2019,137.87
2/17/2019,137.90
2/18/2019,137.93
2/19/2019,137.96
2/20/2019,137.99
2/21/2019,138.02
2/22/2019,138.04
2/23/2019,138.07
2/24/2019,138.09
2/25/2019,138.11
2/26/2019,138.13
2/27/2019,138.15
2/28/2019,138.17
3/1/2019,138.19
3/2/2019,138.20
3/3/2019,138.22
3/4/2019,138.24
3/5/2019,138.26
3/6/2019,138.27
3/7/2019,138.29
3/8/2019,138.30
3/9/2019,138.32
3/10/2019,138.34
3/11/2019,138.35
3/12/2019,138.37
3/13/2019,138.38
3/14/2019,138.40
3/15/2019,138.41
3/16/2019,138.42
3/17/2019,138.44
3/18/2019,138.45
3/19/2019,138.46
3/20/2019,138.48
3/21/2019,138.50
3/22/2019,138.54
3/23/2019,138.58
3/24/2019,138.61
3/25/2019,138.64
3/26/2019,138.66
3/27/2019,138.69
3/28/2019,138.73
3/29/2019,138.76
3/30/2019,138.80
3/31/2019,138.83
4/1/2019,138.85
4/2/2019,138.87
4/3/2019,138.89
4/4/2019,138.92
4/5/2019,138.95
4/6/2019,138.98
4/7/2019,139.01
4/8/2019,139.06
4/9/2019,139.10
4/10/2019,139.15
4/11/2019,139.19
4/12/2019,139.23
4/13/2019,139.25
4/14/2019,139.27
4/15/2019,139.29
4/16/2019,139.30
4/17/2019,139.33
4/18/2019,139.35
4/19/2019,139.38
4/20/2019,139.40
4/21/2019,139.43
4/22/2019,139.46
4/23/2019,139.48
4/24/2019,139.51
4/25/2019,139.53
4/26/2019,139.56
4/27/2019,139.58
4/28/2019,139.61
4/29/2019,139.63
4/30/2019,139.66
5/1/2019,139.68
5/2/2019,139.71
5/3/2019,139.75
5/4/2019,139.79
5/5/2019,139.84
5/6/2019,139.89
5/7/2019,139.95
5/8/2019,140.00
5/9/2019,140.05
5/10/2019,140.14
5/11/2019,140.24
5/12/2019,140.31
5/13/2019,140.38
5/14/2019,140.45
5/15/2019,140.53
5/16/2019,140.61
5/17/2019,140.69
5/18/2019,140.77
5/19/2019,140.86
5/20/2019,140.96
5/21/2019,141.06
5/22/2019,141.16
5/23/2019,141.24
5/24/2019,141.33
5/25/2019,141.41
5/26/2019,141.50
5/27/2019,141.58
5/28/2019,141.67
5/29/2019,141.75
5/30/2019,141.83
5/31/2019,141.91
6/1/2019,141.99
6/2/2019,142.08
6/3/2019,142.16
6/4/2019,142.24
6/5/2019,142.31
6/6/2019,142.37
6/7/2019,142.42
6/8/2019,142.47
6/9/2019,142.52
6/10/2019,142.58
6/11/2019,142.63
6/12/2019,142.69
6/13/2019,142.75
6/14/2019,142.81
6/15/2019,142.87
6/16/2019,142.94
6/17/2019,143.00
6/18/2019,143.07
6/19/2019,143.13
6/20/2019,143.19
6/21/2019,143.25
6/22/2019,143.31
6/23/2019,143.37
6/24/2019,143.47
6/25/2019,143.57
6/26/2019,143.65
6/27/2019,143.74
6/28/2019,143.83
6/29/2019,143.92
6/30/2019,144.01
7/1/2019,144.09
7/2/2019,144.17
7/3/2019,144.26
7/4/2019,144.34
7/5/2019,144.42
7/6/2019,144.51
7/7/2019,144.59
7/8/2019,144.67
7/9/2019,144.75
7/10/2019,144.84
7/11/2019,144.92
7/12/2019,144.99
7/13/2019,145.07
7/14/2019,145.15
7/15/2019,145.23
7/16/2019,145.31
7/17/2019,145.38
7/18/2019,145.46
7/19/2019,145.52
7/20/2019,145.57
7/21/2019,145.58
7/22/2019,145.59
7/23/2019,145.66
7/24/2019,145.72
7/25/2019,145.76
7/26/2019,145.81
7/27/2019,145.84
7/28/2019,145.88
7/29/2019,145.92
7/30/2019,145.96
7/31/2019,146.00
8/1/2019,146.04
8/2/2019,146.08
8/3/2019,146.12
8/4/2019,146.16
8/5/2019,146.21
8/6/2019,146.26
8/7/2019,146.31
8/8/2019,146.36
8/9/2019,146.41
8/10/2019,146.46
8/11/2019,146.51
8/12/2019,146.56
8/13/2019,146.61
8/14/2019,146.66
8/15/2019,146.71
8/16/2019,146.75
8/17/2019,146.80
8/18/2019,146.85
8/19/2019,146.89
8/20/2019,146.93
8/21/2019,146.98
8/22/2019,147.02
8/23/2019,147.07
8/24/2019,147.11
8/25/2019,147.15
8/26/2019,147.20
8/27/2019,147.24
8/28/2019,147.28
8/29/2019,147.32
8/30/2019,147.36
8/31/2019,147.41
9/1/2019,147.45
9/2/2019,147.49
9/3/2019,147.53
9/4/2019,147.57
9/5/2019,147.61
9/6/2019,147.65
9/7/2019,147.69
9/8/2019,147.73
9/9/2019,147.77
9/10/2019,147.81
9/11/2019,147.85
9/12/2019,147.89
9/13/2019,147.93
9/14/2019,147.97
9/15/2019,148.01
9/16/2019,148.05
9/17/2019,148.08
9/18/2019,148.12
9/19/2019,148.16
9/20/2019,148.20
9/21/2019,148.24
9/22/2019,148.28
9/23/2019,148.31
9/24/2019,148.34
9/25/2019,148.37
9/26/2019,148.41
9/27/2019,148.44
9/28/2019,148.47
9/29/2019,148.51
9/30/2019,148.54
10/1/2019,148.57
10/2/2019,148.61
10/3/2019,148.64
10/4/2019,148.67
10/5/2019,148.70
10/6/2019,148.73
10/7/2019,148.76
10/8/2019,148.79
10/9/2019,148.82
10/10/2019,148.84
10/11/2019,148.88
10/12/2019,148.92
10/13/2019,148.96
10/14/2019,149.01
10/15/2019,149.05
10/16/2019,149.08
10/17/2019,149.11
10/18/2019,149.14
10/19/2019,149.17
10/20/2019,149.20
10/21/2019,149.23
10/22/2019,149.26
10/23/2019,149.29
10/24/2019,149.32
10/25/2019,149.34
10/26/2019,149.37
10/27/2019,149.40
10/28/2019,149.43
10/29/2019,149.47
10/30/2019,149.51
10/31/2019,149.55
11/1/2019,149.58
11/2/2019,149.61
11/3/2019,149.65
11/4/2019,149.69
11/5/2019,149.73
11/6/2019,149.78
11/7/2019,149.84
11/8/2019,149.90
11/9/2019,149.95
11/10/2019,150.00
11/11/2019,150.06
11/12/2019,150.10
11/13/2019,150.14
11/14/2019,150.19
11/15/2019,150.23
11/16/2019,150.29
11/17/2019,150.34
11/18/2019,150.39
11/19/2019,150.43
11/20/2019,150.46
11/21/2019,150.49
11/22/2019,150.52
11/23/2019,150.54
11/24/2019,150.57
11/25/2019,150.58
11/26/2019,150.61
11/27/2019,150.65
11/28/2019,150.69
11/29/2019,150.74
11/30/2019,150.77
12/1/2019,150.80
12/2/2019,150.82
12/3/2019,150.85
12/4/2019,150.86
12/5/2019,150.89
12/6/2019,150.92
12/7/2019,150.94
12/8/2019,150.96
12/9/2019,150.96
12/10/2019,151.01
12/11/2019,151.05
12/12/2019,151.12
12/13/2019,151.19
12/14/2019,151.24
12/15/2019,151.30
12/16/2019,151.35
12/17/2019,151.41
12/18/2019,151.45
12/19/2019,151.49
12/20/2019,151.52
12/21/2019,151.55
12/22/2019,151.59
12/23/2019,151.62
12/24/2019,151.65
12/25/2019,151.68
12/26/2019,151.71
12/27/2019,151.75
12/28/2019,151.78
12/29/2019,151.81
12/30/2019,151.84
12/31/2019,151.87
1/1/2020,151.91
1/2/2020,151.94
1/3/2020,151.98
1/4/2020,152.01
1/5/2020,152.04
1/6/2020,152.08
1/7/2020,152.12
1/8/2020,152.17
1/9/2020,152.23
1/10/2020,152.28
1/11/2020,152.34
1/12/2020,152.41
1/13/2020,152.47
1/14/2020,152.53
1/15/2020,152.62
1/16/2020,152.72
1/17/2020,152.81
1/18/2020,152.89
1/19/2020,152.97
1/20/2020,153.03
1/21/2020,153.08
1/22/2020,153.13
1/23/2020,153.17
1/24/2020,153.21
1/25/2020,153.25
1/26/2020,153.29
1/27/2020,153.33
1/28/2020,153.37
1/29/2020,153.42
1/30/2020,153.47
1/31/2020,153.53
2/1/2020,153.58
2/2/2020,153.64
2/3/2020,153.69
2/4/2020,153.75
2/5/2020,153.80
2/6/2020,153.86
2/7/2020,153.94
2/8/2020,154.02
2/9/2020,154.12
2/10/2020,154.23
2/11/2020,154.33
2/12/2020,154.44
2/13/2020,154.53
2/14/2020,154.63
2/15/2020,154.73
2/16/2020,154.82
2/17/2020,154.90
2/18/2020,154.97
2/19/2020,155.05
2/20/2020,155.11
2/21/2020,155.17
2/22/2020,155.22
2/23/2020,155.27
2/24/2020,155.33
2/25/2020,155.39
2/26/2020,155.43
2/27/2020,155.48
2/28/2020,155.52
2/29/2020,155.56
3/1/2020,155.59
3/2/2020,155.62
3/3/2020,155.65
3/4/2020,155.68
3/5/2020,155.71
3/6/2020,155.73
3/7/2020,155.76
3/8/2020,155.80
3/9/2020,155.83
3/10/2020,155.86
3/11/2020,155.89
3/12/2020,155.92
3/13/2020,155.94
3/14/2020,155.96
3/15/2020,155.99
3/16/2020,156.01
3/17/2020,156.04
3/18/2020,156.07
3/19/2020,156.10
3/20/2020,156.13
3/21/2020,156.16
3/22/2020,156.19
3/23/2020,156.22
3/24/2020,156.25
3/25/2020,156.28
3/26/2020,156.30
3/27/2020,156.33
3/28/2020,156.36
3/29/2020,156.38
3/30/2020,156.41
3/31/2020,156.43
4/1/2020,156.45
4/2/2020,156.47
4/3/2020,156.49
4/4/2020,156.51
4/5/2020,156.53
4/6/2020,156.55
4/7/2020,156.57
4/8/2020,156.59
4/9/2020,156.61
4/10/2020,156.63
4/11/2020,156.66
4/12/2020,156.68
4/13/2020,156.71
4/14/2020,156.73
4/15/2020,156.76
4/16/2020,156.79
4/17/2020,156.81
4/18/2020,156.84
4/19/2020,156.87
4/20/2020,156.90
4/21/2020,156.93
4/22/2020,156.95
4/23/2020,156.98
4/24/2020,157.02
4/25/2020,157.06
4/26/2020,157.11
4/27/2020,157.16
4/28/2020,157.20
4/29/2020,157.25
4/30/2020,157.33
5/1/2020,157.40
5/2/2020,157.46
5/3/2020,157.51
5/4/2020,157.58
5/5/2020,157.63
5/6/2020,157.67
5/7/2020,157.70
5/8/2020,157.73
5/9/2020,157.78
5/10/2020,157.82
5/11/2020,157.86
5/12/2020,157.91
5/13/2020,157.94
5/14/2020,157.98
5/15/2020,158.05
5/16/2020,158.13
5/17/2020,158.23
5/18/2020,158.33
5/19/2020,158.44
5/20/2020,158.53
5/21/2020,158.58
5/22/2020,158.63
5/23/2020,158.67
5/24/2020,158.71
5/25/2020,158.76
5/26/2020,158.81
5/27/2020,158.86
5/28/2020,158.91
5/29/2020,158.96
5/30/2020,159.02
5/31/2020,159.08
6/1/2020,159.17
6/2/2020,159.26
6/3/2020,159.32
6/4/2020,159.37
6/5/2020,159.42
6/6/2020,159.46
6/7/2020,159.50
6/8/2020,159.54
6/9/2020,159.58
6/10/2020,159.61
6/11/2020,159.65
6/12/2020,159.69
6/13/2020,159.73
6/14/2020,159.77
6/15/2020,159.80
6/16/2020,159.84
6/17/2020,159.87
6/18/2020,159.91
6/19/2020,159.95
6/20/2020,159.99
6/21/2020,160.04
6/22/2020,160.08
6/23/2020,160.13
6/24/2020,160.18
6/25/2020,160.22
6/26/2020,160.27
6/27/2020,160.30
6/28/2020,160.34
6/29/2020,160.37
6/30/2020,160.40
7/1/2020,160.44
7/2/2020,160.47
7/3/2020,160.50
7/4/2020,160.53
7/5/2020,160.55
7/6/2020,160.58
7/7/2020,160.61
7/8/2020,160.64
7/9/2020,160.66
7/10/2020,160.69
7/11/2020,160.72
7/12/2020,160.75
7/13/2020,160.77
7/14/2020,160.80
7/15/2020,160.83
7/16/2020,160.85
7/17/2020,160.88
7/18/2020,160.90
7/19/2020,160.93
7/20/2020,160.96
7/21/2020,160.98
7/22/2020,161.01
7/23/2020,161.03
7/24/2020,161.06
7/25/2020,161.09
7/26/2020,161.11
7/27/2020,161.15
7/28/2020,161.20
7/29/2020,161.27
7/30/2020,161.34
7/31/2020,161.42
8/1/2020,161.51
8/2/2020,161.60
8/3/2020,161.70
8/4/2020,161.78
8/5/2020,161.85
8/6/2020,161.92
8/7/2020,161.99
8/8/2020,162.06
8/9/2020,162.13
8/10/2020,162.19
8/11/2020,162.26
8/12/2020,162.33
8/13/2020,162.38
8/14/2020,162.41
8/15/2020,162.47
8/16/2020,162.55
8/17/2020,162.62
8/18/2020,162.69
8/19/2020,162.76
8/20/2020,162.83
8/21/2020,162.90
8/22/2020,162.96
8/23/2020,163.02
8/24/2020,163.08
8/25/2020,163.14
8/26/2020,163.20
8/27/2020,163.25
8/28/2020,163.31
8/29/2020,163.38
8/30/2020,163.44
8/31/2020,163.50
9/1/2020,163.56
9/2/2020,163.63
9/3/2020,163.69
9/4/2020,163.75
9/5/2020,163.81
9/6/2020,163.86
9/7/2020,163.91
9/8/2020,163.97
9/9/2020,164.01
9/10/2020,164.06
9/11/2020,164.11
9/12/2020,164.16
9/13/2020,164.20
9/14/2020,164.24
9/15/2020,164.28
9/16/2020,164.32
9/17/2020,164.37
9/18/2020,164.42
9/19/2020,164.46
9/20/2020,164.50
9/21/2020,164.55
9/22/2020,164.60
9/23/2020,164.64
9/24/2020,164.68
9/25/2020,164.73
9/26/2020,164.77
9/27/2020,164.81
9/28/2020,164.86
9/29/2020,164.90
9/30/2020,164.94
10/1/2020,164.99
10/2/2020,165.03
10/3/2020,165.07
10/4/2020,165.11
10/5/2020,165.15
10/6/2020,165.19
10/7/2020,165.23
10/8/2020,165.27
10/9/2020,165.30
10/10/2020,165.34
10/11/2020,165.38
10/12/2020,165.42
10/13/2020,165.46
10/14/2020,165.49
10/15/2020,165.53
10/16/2020,165.57
10/17/2020,165.60
10/18/2020,165.63
10/19/2020,165.66
10/20/2020,165.70
10/21/2020,165.73
10/22/2020,165.76
10/23/2020,165.79
10/24/2020,165.82
10/25/2020,165.85
10/26/2020,165.88
10/27/2020,165.91
10/28/2020,165.94
10/29/2020,165.97
10/30/2020,165.99
10/31/2020,166.02
11/1/2020,166.05
11/2/2020,166.08
11/3/2020,166.10
11/4/2020,166.13
11/5/2020,166.16
11/6/2020,166.24
11/7/2020,166.36
11/8/2020,166.44
11/9/2020,166.51
11/10/2020,166.56
11/11/2020,166.62
11/12/2020,166.68
11/13/2020,166.76
11/14/2020,166.84
11/15/2020,166.92
11/16/2020,166.99
11/17/2020,167.03
11/18/2020,167.09
11/19/2020,167.15
11/20/2020,167.22
11/21/2020,167.29
11/22/2020,167.37
11/23/2020,167.45
11/24/2020,167.53
11/25/2020,167.60
11/26/2020,167.68
11/27/2020,167.75
11/28/2020,167.82
11/29/2020,167.89
11/30/2020,167.97
12/1/2020,168.04
12/2/2020,168.12
12/3/2020,168.19
12/4/2020,168.26
12/5/2020,168.32
12/6/2020,168.37
12/7/2020,168.43
12/8/2020,168.50